id,label_i,label_j
0,13,44
1,10,0
2,16,47
3,0,3
4,6,10
5,7,0
6,13,0
7,12,40
8,7,26
9,14,45
10,6,48
11,8,0
12,18,59
13,13,44
14,10,0
15,4,0
16,17,52
17,14,45
18,8,24
19,4,12
20,12,40
21,6,6
22,11,33
23,6,48
24,7,19
25,6,10
26,11,54
27,8,0
28,7,20
29,7,20
30,1,0
31,3,11
32,18,59
33,1,49
34,7,0
35,6,10
36,15,46
37,13,42
38,13,42
39,10,27
40,6,0
41,12,36
42,1,0
43,3,50
44,3,11
45,7,21
46,7,0
47,2,55
48,4,13
49,18,0
50,7,0
51,10,28
52,14,0
53,12,39
54,13,42
55,5,0
56,3,11
57,5,16
58,8,0
59,14,45
60,15,46
61,18,57
62,11,54
63,18,59
64,18,56
65,9,25
66,16,0
67,11,54
68,8,24
69,17,53
70,17,52
71,13,44
72,0,1
73,18,57
74,2,55
75,18,0
76,1,0
77,17,0
78,6,48
79,10,27
80,11,54
81,18,56
82,14,45
83,8,24
84,0,4
85,18,56
86,5,16
87,15,0
88,8,24
89,1,30
90,10,27
91,15,0
92,11,0
93,12,32
94,15,46
95,2,55
96,1,30
97,6,6
98,1,0
99,7,20
100,14,45
101,12,36
102,6,48
103,11,51
104,13,42
105,5,0
106,0,0
107,4,29
108,18,57
109,5,16
110,9,0
111,4,29
112,19,61
113,9,0
114,3,11
115,6,10
116,10,28
117,1,9
118,15,46
119,1,30
120,6,0
121,1,30
122,6,10
123,2,8
124,7,21
125,10,27
126,19,61
127,10,28
128,19,61
129,14,45
130,12,37
131,2,55
132,14,0
133,5,16
134,4,29
135,16,0
136,18,56
137,11,35
138,2,55
139,14,0
140,18,57
141,10,0
142,2,55
143,3,11
144,3,0
145,9,0
146,4,0
147,8,23
148,6,10
149,1,30
150,1,49
151,16,0
152,10,27
153,0,3
154,10,27
155,12,37
156,15,46
157,6,10
158,4,0
159,17,53
160,18,0
161,5,0
162,2,8
163,1,49
164,15,46
165,15,46
166,15,46
167,15,46
168,4,13
169,19,61
170,3,50
171,0,0
172,2,28
173,16,47
174,0,2
175,0,3
176,17,52
177,9,25
178,0,3
179,17,52
180,4,29
181,17,53
182,8,0
183,15,46
184,4,13
185,13,44
186,15,46
187,0,0
188,16,47
189,11,0
190,13,43
191,18,60
192,1,0
193,10,27
194,15,46
195,12,0
196,12,32
197,15,46
198,2,8
199,4,29
200,10,27
201,7,21
202,7,22
203,10,27
204,18,0
205,0,2
206,9,0
207,15,46
208,12,39
209,15,46
210,18,57
211,4,29
212,5,55
213,12,39
214,0,3
215,1,7
216,8,0
217,0,3
218,7,0
219,18,56
220,1,30
221,9,25
222,15,46
223,13,43
224,13,42
225,2,0
226,4,0
227,11,51
228,2,8
229,3,50
230,13,43
231,4,0
232,0,3
233,1,5
234,2,8
235,19,61
236,19,61
237,8,0
238,13,42
239,0,3
240,7,0
241,7,22
242,10,0
243,2,0
244,2,8
245,18,0
246,10,28
247,6,6
248,13,43
249,5,31
250,15,0
251,0,3
252,4,29
253,13,43
254,16,47
255,9,25
256,12,32
257,12,32
258,13,43
259,2,0
260,13,43
261,10,27
262,7,19
263,5,55
264,0,1
265,19,61
266,18,0
267,17,52
268,10,28
269,15,0
270,11,0
271,12,25
272,13,0
273,3,50
274,5,15
275,8,0
276,1,14
277,19,61
278,5,31
279,14,45
280,0,4
281,6,10
282,8,0
283,18,57
284,0,3
285,13,0
286,7,0
287,14,41
288,7,26
289,10,0
290,1,49
291,18,57
292,1,30
293,6,6
294,13,0
295,4,12
296,4,29
297,18,58
298,13,43
299,6,6
300,11,54
301,1,9
302,3,11
303,6,48
304,13,43
305,8,23
306,18,56
307,7,19
308,7,21
309,3,50
310,2,0
311,1,49
312,13,44
313,2,55
314,16,0
315,0,0
316,10,27
317,6,10
318,6,10
319,5,31
320,7,18
321,10,28
322,6,6
323,8,23
324,11,51
325,6,48
326,5,0
327,11,35
328,6,48
329,3,0
330,18,0
331,1,30
332,0,3
333,3,0
334,8,0
335,6,10
336,19,61
337,0,3
338,0,3
339,12,40
340,17,52
341,7,19
342,4,13
343,6,48
344,7,0
345,6,10
346,19,61
347,2,8
348,1,0
349,14,45
350,3,11
351,19,61
352,4,13
353,2,0
354,6,0
355,5,16
356,1,0
357,1,9
358,1,30
359,8,0
360,10,11
361,3,11
362,19,61
363,3,0
364,11,0
365,4,12
366,4,13
367,7,0
368,11,33
369,3,11
370,4,0
371,6,0
372,7,20
373,4,13
374,18,57
375,7,18
376,1,14
377,18,57
378,3,11
379,18,0
380,2,8
381,18,56
382,10,0
383,11,54
384,11,54
385,18,56
386,6,0
387,14,45
388,18,59
389,15,46
390,13,43
391,5,27
392,2,8
393,7,19
394,7,18
395,19,61
396,12,39
397,1,30
398,13,0
399,12,37
400,8,23
401,3,50
402,8,24
403,15,46
404,0,4
405,6,48
406,19,61
407,5,0
408,19,61
409,9,0
410,7,21
411,2,8
412,1,14
413,6,10
414,18,60
415,9,0
416,10,28
417,0,0
418,8,0
419,16,0
420,17,0
421,9,25
422,19,61
423,2,55
424,3,0
425,15,46
426,14,45
427,9,25
428,0,2
429,16,47
430,13,43
431,3,11
432,15,0
433,4,29
434,0,0
435,8,24
436,6,48
437,17,53
438,10,28
439,9,25
440,11,33
441,2,8
442,0,0
443,8,0
444,12,36
445,18,0
446,2,8
447,18,56
448,5,31
449,11,54
450,15,46
451,1,7
452,15,0
453,1,30
454,14,45
455,11,0
456,6,10
457,13,0
458,9,0
459,11,33
460,9,25
461,3,0
462,6,10
463,4,0
464,17,0
465,5,16
466,9,0
467,6,48
468,7,0
469,7,26
470,0,4
471,1,14
472,9,0
473,17,0
474,5,0
475,1,7
476,10,27
477,15,46
478,17,52
479,7,0
480,13,43
481,12,39
482,8,23
483,7,25
484,9,0
485,16,0
486,4,12
487,4,12
488,6,6
489,4,0
490,6,6
491,17,52
492,3,11
493,9,0
494,18,57
495,2,0
496,10,28
497,3,11
498,19,61
499,5,31
500,16,0
501,7,22
502,18,60
503,13,43
504,4,0
505,19,61
506,2,47
507,3,11
508,2,0
509,7,20
510,5,0
511,7,0
512,0,3
513,1,49
514,7,20
515,6,48
516,16,47
517,4,13
518,8,24
519,12,38
520,10,0
521,7,0
522,19,61
523,0,3
524,2,8
525,1,14
526,19,61
527,8,23
528,12,32
529,6,48
530,4,29
531,11,35
532,17,52
533,0,4
534,5,31
535,18,57
536,5,16
537,6,0
538,15,46
539,13,43
540,3,11
541,15,46
542,4,0
543,11,33
544,3,50
545,18,60
546,7,19
547,12,36
548,11,0
549,10,8
550,15,0
551,11,35
552,11,54
553,2,8
554,4,12
555,6,6
556,2,0
557,14,45
558,4,0
559,18,59
560,14,41
561,12,36
562,11,0
563,13,43
564,16,52
565,7,26
566,6,0
567,19,25
568,18,56
569,13,43
570,10,27
571,15,46
572,18,57
573,4,29
574,4,12
575,16,0
576,3,50
577,15,46
578,4,12
579,15,0
580,0,40
581,12,36
582,15,46
583,13,0
584,16,47
585,2,8
586,19,61
587,10,28
588,4,13
589,11,54
590,1,14
591,10,0
592,17,53
593,12,39
594,13,0
595,8,23
596,18,0
597,13,0
598,19,61
599,14,41
600,16,0
601,13,43
602,1,14
603,14,45
604,18,57
605,5,16
606,4,29
607,13,43
608,14,0
609,3,11
610,15,46
611,4,29
612,2,55
613,2,27
614,0,1
615,10,0
616,2,8
617,19,61
618,1,14
619,1,7
620,14,0
621,3,11
622,0,2
623,6,0
624,19,61
625,0,3
626,12,38
627,7,11
628,2,55
629,7,19
630,18,56
631,0,3
632,5,15
633,13,44
634,2,8
635,14,45
636,8,24
637,1,7
638,2,8
639,18,59
640,0,3
641,17,53
642,4,29
643,10,11
644,9,0
645,7,0
646,6,6
647,17,52
648,14,41
649,11,0
650,7,20
651,7,18
652,6,10
653,8,0
654,8,24
655,16,61
656,4,0
657,6,10
658,8,0
659,1,5
660,3,21
661,4,13
662,17,52
663,2,55
664,0,3
665,13,0
666,6,10
667,14,45
668,2,8
669,10,28
670,6,6
671,10,28
672,5,0
673,15,46
674,13,43
675,16,47
676,14,41
677,1,30
678,16,8
679,2,0
680,15,46
681,13,43
682,1,7
683,1,30
684,5,31
685,15,46
686,5,16
687,1,5
688,9,25
689,6,10
690,18,56
691,17,53
692,12,36
693,5,55
694,8,23
695,19,61
696,12,37
697,3,20
698,14,45
699,5,16
700,2,8
701,6,10
702,2,8
703,0,3
704,5,15
705,18,56
706,16,0
707,14,45
708,5,31
709,19,61
710,1,7
711,8,0
712,16,47
713,13,43
714,4,13
715,11,35
716,1,14
717,6,10
718,7,21
719,9,47
720,13,43
721,14,0
722,9,0
723,19,61
724,4,13
725,1,49
726,16,47
727,10,28
728,0,2
729,11,51
730,10,0
731,13,43
732,3,0
733,4,12
734,18,59
735,11,35
736,7,0
737,1,7
738,18,0
739,3,50
740,17,52
741,18,57
742,1,0
743,5,15
744,11,0
745,6,10
746,8,24
747,1,14
748,15,46
749,17,0
750,17,53
751,2,8
752,18,0
753,14,45
754,16,0
755,11,51
756,18,0
757,6,10
758,4,13
759,7,0
760,18,59
761,3,20
762,0,3
763,7,26
764,13,43
765,7,19
766,1,49
767,16,47
768,6,10
769,1,30
770,17,52
771,11,35
772,4,13
773,18,58
774,10,0
775,10,28
776,2,8
777,13,43
778,3,11
779,2,8
780,16,47
781,9,0
782,0,3
783,18,0
784,0,0
785,18,57
786,4,25
787,5,16
788,7,26
789,5,0
790,1,9
791,0,0
792,15,46
793,11,54
794,15,46
795,2,55
796,6,0
797,6,6
798,8,0
799,5,15
800,7,22
801,11,0
802,3,11
803,17,53
804,13,44
805,17,53
806,9,25
807,13,43
808,18,0
809,14,45
810,2,8
811,0,4
812,13,43
813,19,61
814,10,28
815,1,47
816,13,0
817,4,29
818,10,0
819,18,57
820,18,57
821,8,0
822,4,29
823,15,46
824,15,46
825,10,27
826,17,53
827,16,47
828,1,49
829,6,0
830,1,5
831,1,9
832,12,32
833,5,31
834,18,57
835,14,0
836,11,51
837,4,13
838,5,17
839,6,10
840,11,54
841,17,53
842,2,8
843,8,0
844,4,13
845,13,0
846,15,46
847,16,47
848,10,0
849,12,37
850,5,15
851,17,52
852,13,0
853,15,46
854,10,28
855,7,21
856,1,30
857,17,52
858,2,8
859,17,53
860,14,0
861,13,0
862,10,28
863,10,27
864,7,26
865,12,40
866,8,23
867,7,19
868,11,54
869,13,43
870,18,57
871,12,36
872,16,0
873,6,0
874,8,24
875,19,61
876,1,14
877,8,23
878,5,0
879,12,37
880,16,47
881,1,14
882,18,58
883,8,24
884,6,48
885,5,31
886,12,36
887,19,61
888,4,29
889,8,24
890,16,47
891,19,61
892,19,61
893,15,46
894,10,0
895,12,32
896,7,20
897,2,8
898,12,36
899,12,40
900,14,0
901,19,61
902,12,40
903,6,10
904,5,15
905,6,48
906,6,10
907,0,3
908,11,34
909,17,53
910,17,0
911,2,55
912,10,0
913,19,61
914,6,48
915,19,61
916,9,0
917,15,46
918,2,55
919,18,60
920,0,2
921,2,8
922,3,50
923,1,7
924,1,7
925,18,58
926,6,10
927,6,10
928,2,8
929,12,37
930,0,4
931,9,25
932,3,0
933,19,61
934,10,28
935,6,48
936,16,47
937,13,0
938,13,42
939,14,45
940,18,56
941,1,30
942,10,0
943,13,43
944,14,41
945,12,40
946,12,36
947,7,21
948,3,50
949,10,0
950,13,42
951,6,10
952,6,6
953,2,0
954,1,49
955,14,45
956,4,13
957,13,0
958,19,61
959,12,36
960,11,54
961,15,46
962,0,0
963,17,53
964,13,42
965,0,4
966,7,21
967,15,46
968,13,43
969,5,15
970,10,28
971,19,61
972,16,47
973,15,0
974,9,25
975,16,47
976,14,0
977,10,27
978,6,6
979,19,61
980,13,43
981,14,45
982,12,40
983,13,43
984,15,46
985,8,0
986,19,61
987,5,15
988,13,0
989,12,39
990,7,21
991,2,8
992,11,54
993,17,53
994,0,3
995,7,22
996,6,48
997,5,15
998,8,23
999,11,54
1000,0,2
1001,15,46
1002,1,0
1003,8,23
1004,2,55
1005,2,0
1006,15,46
1007,5,52
1008,18,58
1009,8,0
1010,18,0
1011,14,45
1012,10,27
1013,3,11
1014,11,0
1015,4,13
1016,7,0
1017,13,43
1018,15,46
1019,12,32
1020,2,8
1021,15,46
1022,5,0
1023,18,56
1024,19,61
1025,11,51
1026,12,32
1027,19,61
1028,8,23
1029,13,44
1030,3,11
1031,8,0
1032,12,32
1033,2,55
1034,7,0
1035,11,35
1036,4,13
1037,7,18
1038,16,47
1039,3,11
1040,5,0
1041,10,28
1042,6,6
1043,3,50
1044,3,50
1045,3,11
1046,9,0
1047,16,47
1048,3,11
1049,14,0
1050,7,20
1051,11,54
1052,16,47
1053,9,25
1054,4,13
1055,2,8
1056,1,49
1057,14,45
1058,6,10
1059,13,44
1060,1,0
1061,4,0
1062,6,6
1063,3,11
1064,10,27
1065,14,0
1066,12,40
1067,0,2
1068,1,30
1069,13,43
1070,13,43
1071,8,0
1072,9,25
1073,0,2
1074,6,0
1075,6,6
1076,2,55
1077,2,0
1078,7,0
1079,6,48
1080,12,39
1081,7,26
1082,8,0
1083,2,8
1084,15,46
1085,13,43
1086,15,46
1087,6,10
1088,18,56
1089,5,15
1090,2,8
1091,7,21
1092,4,13
1093,11,33
1094,1,14
1095,2,0
1096,0,3
1097,10,27
1098,8,23
1099,11,0
1100,2,8
1101,16,0
1102,11,51
1103,8,0
1104,14,45
1105,17,53
1106,15,0
1107,17,52
1108,14,45
1109,17,52
1110,3,11
1111,10,28
1112,4,13
1113,11,54
1114,2,8
1115,12,32
1116,1,30
1117,11,35
1118,4,29
1119,15,0
1120,5,15
1121,4,0
1122,0,3
1123,12,38
1124,5,17
1125,14,41
1126,7,19
1127,11,54
1128,8,23
1129,6,48
1130,1,9
1131,18,58
1132,19,61
1133,0,4
1134,13,43
1135,13,0
1136,13,43
1137,3,50
1138,11,35
1139,5,31
1140,8,24
1141,2,8
1142,8,0
1143,19,61
1144,17,52
1145,14,41
1146,2,0
1147,15,46
1148,3,12
1149,18,57
1150,1,30
1151,6,10
1152,0,2
1153,6,48
1154,8,0
1155,1,7
1156,10,27
1157,14,45
1158,4,13
1159,2,8
1160,10,27
1161,1,49
1162,8,24
1163,14,41
1164,8,23
1165,11,51
1166,0,3
1167,18,57
1168,13,43
1169,3,11
1170,5,31
1171,0,3
1172,7,19
1173,4,29
1174,13,44
1175,13,43
1176,15,0
1177,9,25
1178,14,45
1179,10,28
1180,1,30
1181,1,7
1182,8,0
1183,8,23
1184,5,16
1185,12,39
1186,7,19
1187,1,5
1188,14,45
1189,15,46
1190,19,61
1191,4,29
1192,16,47
1193,2,0
1194,3,11
1195,14,45
1196,18,57
1197,0,3
1198,2,0
1199,4,12
1200,6,10
1201,14,41
1202,13,0
1203,6,10
1204,4,12
1205,19,61
1206,4,29
1207,17,0
1208,13,44
1209,11,51
1210,12,38
1211,12,40
1212,2,8
1213,2,0
1214,5,16
1215,7,21
1216,11,55
1217,10,28
1218,2,8
1219,13,43
1220,14,45
1221,2,55
1222,17,53
1223,7,0
1224,8,0
1225,4,12
1226,1,49
1227,14,45
1228,5,55
1229,11,51
1230,5,0
1231,7,0
1232,16,47
1233,10,28
1234,3,11
1235,16,0
1236,12,32
1237,12,40
1238,6,10
1239,5,16
1240,7,26
1241,8,24
1242,6,10
1243,1,0
1244,3,50
1245,11,34
1246,13,0
1247,19,61
1248,6,10
1249,16,47
1250,18,56
1251,9,25
1252,9,25
1253,5,31
1254,11,54
1255,3,50
1256,2,0
1257,8,23
1258,7,20
1259,12,36
1260,18,58
1261,5,55
1262,4,13
1263,19,61
1264,10,27
1265,2,8
1266,6,48
1267,5,16
1268,6,0
1269,11,54
1270,6,6
1271,5,0
1272,9,25
1273,9,25
1274,17,53
1275,3,11
1276,15,46
1277,12,39
1278,2,8
1279,6,0
1280,13,43
1281,14,0
1282,10,27
1283,7,26
1284,8,24
1285,1,0
1286,16,47
1287,1,49
1288,17,53
1289,1,30
1290,17,52
1291,13,43
1292,8,24
1293,0,3
1294,17,0
1295,10,28
1296,14,45
1297,2,8
1298,6,48
1299,6,0
1300,5,31
1301,16,0
1302,0,3
1303,2,8
1304,15,46
1305,12,37
1306,18,57
1307,5,16
1308,2,8
1309,18,56
1310,16,47
1311,13,43
1312,3,0
1313,3,50
1314,7,22
1315,16,47
1316,2,8
1317,14,0
1318,17,53
1319,15,0
1320,13,43
1321,9,25
1322,2,8
1323,4,12
1324,17,53
1325,2,55
1326,13,44
1327,13,43
1328,2,0
1329,12,39
1330,12,40
1331,16,47
1332,8,24
1333,10,28
1334,13,61
1335,5,0
1336,8,23
1337,6,48
1338,18,57
1339,12,32
1340,14,0
1341,11,0
1342,18,57
1343,6,10
1344,6,48
1345,4,13
1346,10,28
1347,2,0
1348,5,16
1349,3,50
1350,1,14
1351,10,0
1352,9,0
1353,8,23
1354,9,25
1355,6,10
1356,3,11
1357,18,59
1358,4,0
1359,10,0
1360,7,21
1361,12,32
1362,18,60
1363,7,20
1364,7,0
1365,14,0
1366,16,47
1367,5,15
1368,19,61
1369,16,47
1370,2,8
1371,6,0
1372,13,43
1373,9,25
1374,8,24
1375,7,19
1376,9,0
1377,17,0
1378,3,11
1379,0,4
1380,6,10
1381,7,26
1382,16,0
1383,7,21
1384,5,16
1385,3,50
1386,14,45
1387,1,49
1388,2,55
1389,5,0
1390,0,3
1391,10,27
1392,7,0
1393,11,0
1394,17,53
1395,16,47
1396,8,0
1397,4,29
1398,2,8
1399,12,38
1400,17,53
1401,7,20
1402,16,47
1403,8,23
1404,14,45
1405,8,0
1406,17,53
1407,11,33
1408,9,0
1409,5,15
1410,12,40
1411,12,39
1412,8,24
1413,0,3
1414,12,37
1415,14,45
1416,12,39
1417,13,43
1418,8,0
1419,7,20
1420,9,0
1421,7,20
1422,6,10
1423,4,12
1424,5,31
1425,0,3
1426,13,44
1427,16,0
1428,10,27
1429,10,0
1430,3,50
1431,18,58
1432,18,58
1433,8,0
1434,5,0
1435,4,12
1436,11,0
1437,3,50
1438,16,47
1439,4,0
1440,1,5
1441,1,49
1442,1,14
1443,17,53
1444,17,53
1445,7,20
1446,15,46
1447,10,0
1448,14,45
1449,7,26
1450,5,31
1451,7,19
1452,2,55
1453,9,0
1454,17,52
1455,7,26
1456,12,40
1457,17,52
1458,3,0
1459,7,0
1460,10,28
1461,8,23
1462,6,6
1463,2,0
1464,14,45
1465,10,27
1466,12,37
1467,13,43
1468,5,15
1469,13,43
1470,15,46
1471,11,0
1472,17,53
1473,1,30
1474,11,54
1475,0,3
1476,6,10
1477,13,0
1478,11,0
1479,1,30
1480,16,47
1481,15,46
1482,13,43
1483,19,47
1484,5,31
1485,6,10
1486,15,0
1487,11,0
1488,10,0
1489,11,0
1490,15,46
1491,10,0
1492,2,0
1493,3,18
1494,2,0
1495,16,47
1496,3,0
1497,13,43
1498,1,5
1499,0,0
1500,9,25
1501,18,0
1502,19,61
1503,5,15
1504,2,8
1505,11,0
1506,5,16
1507,6,48
1508,4,12
1509,7,19
1510,13,44
1511,5,31
1512,9,25
1513,4,13
1514,7,19
1515,12,32
1516,1,0
1517,1,30
1518,8,23
1519,3,50
1520,8,0
1521,10,11
1522,12,39
1523,5,15
1524,18,59
1525,18,58
1526,15,46
1527,7,22
1528,17,0
1529,2,8
1530,0,3
1531,12,38
1532,14,0
1533,8,0
1534,7,19
1535,2,8
1536,6,6
1537,6,6
1538,2,8
1539,9,25
1540,0,3
1541,8,23
1542,10,27
1543,11,54
1544,15,46
1545,4,29
1546,12,40
1547,15,46
1548,14,0
1549,0,3
1550,13,43
1551,2,52
1552,7,0
1553,11,33
1554,4,0
1555,18,58
1556,4,13
1557,14,0
1558,2,0
1559,1,5
1560,2,8
1561,1,49
1562,13,43
1563,7,21
1564,4,29
1565,7,20
1566,15,46
1567,3,11
1568,12,39
1569,10,27
1570,17,52
1571,5,31
1572,14,0
1573,18,58
1574,10,28
1575,10,0
1576,10,0
1577,1,9
1578,11,51
1579,12,37
1580,15,46
1581,12,32
1582,3,50
1583,12,32
1584,5,0
1585,18,56
1586,0,1
1587,0,3
1588,4,29
1589,1,30
1590,6,10
1591,13,0
1592,16,47
1593,12,37
1594,10,28
1595,13,43
1596,4,0
1597,8,23
1598,4,0
1599,10,0
1600,7,20
1601,12,37
1602,7,20
1603,4,29
1604,19,61
1605,12,39
1606,1,5
1607,6,48
1608,10,28
1609,10,28
1610,8,23
1611,3,0
1612,11,54
1613,0,1
1614,5,0
1615,0,0
1616,18,0
1617,14,45
1618,16,47
1619,7,0
1620,18,58
1621,9,0
1622,17,0
1623,8,0
1624,14,0
1625,6,0
1626,7,19
1627,17,53
1628,8,23
1629,4,13
1630,7,19
1631,4,0
1632,18,56
1633,12,37
1634,10,0
1635,11,54
1636,1,49
1637,19,52
1638,13,43
1639,3,0
1640,14,45
1641,7,25
1642,2,0
1643,19,61
1644,1,14
1645,8,24
1646,4,13
1647,8,23
1648,4,0
1649,12,32
1650,7,19
1651,3,11
1652,18,57
1653,17,52
1654,11,51
1655,18,0
1656,4,0
1657,0,3
1658,4,29
1659,19,61
1660,8,0
1661,12,39
1662,16,47
1663,6,10
1664,18,58
1665,4,50
1666,12,37
1667,0,3
1668,12,37
1669,10,28
1670,12,39
1671,14,45
1672,16,61
1673,15,46
1674,18,57
1675,3,50
1676,2,8
1677,5,16
1678,17,52
1679,15,46
1680,7,0
1681,16,47
1682,11,33
1683,9,25
1684,13,44
1685,7,0
1686,0,3
1687,1,14
1688,18,57
1689,12,38
1690,17,53
1691,5,31
1692,1,30
1693,1,14
1694,6,48
1695,15,0
1696,15,0
1697,15,46
1698,12,39
1699,14,0
1700,7,19
1701,12,39
1702,11,0
1703,6,0
1704,11,35
1705,5,0
1706,11,0
1707,2,8
1708,14,45
1709,18,56
1710,7,18
1711,2,0
1712,6,6
1713,3,11
1714,2,0
1715,8,0
1716,18,57
1717,8,23
1718,2,55
1719,17,53
1720,4,13
1721,8,23
1722,16,47
1723,10,0
1724,1,14
1725,14,45
1726,6,0
1727,5,15
1728,6,6
1729,15,46
1730,11,54
1731,11,54
1732,1,30
1733,2,8
1734,19,61
1735,13,42
1736,2,8
1737,8,0
1738,3,50
1739,6,0
1740,8,24
1741,18,56
1742,1,0
1743,7,21
1744,2,8
1745,0,3
1746,18,57
1747,10,27
1748,4,0
1749,6,48
1750,5,16
1751,3,11
1752,8,24
1753,12,39
1754,6,0
1755,8,24
1756,6,48
1757,13,44
1758,2,8
1759,14,0
1760,1,14
1761,9,25
1762,16,47
1763,7,18
1764,9,0
1765,8,23
1766,4,13
1767,0,2
1768,1,5
1769,8,23
1770,12,38
1771,18,58
1772,12,39
1773,9,0
1774,16,47
1775,8,24
1776,0,3
1777,17,0
1778,6,10
1779,16,8
1780,10,28
1781,2,55
1782,11,54
1783,8,23
1784,12,40
1785,11,51
1786,11,0
1787,13,0
1788,15,46
1789,6,10
1790,0,2
1791,0,3
1792,9,25
1793,18,0
1794,10,0
1795,1,7
1796,12,40
1797,13,61
1798,2,0
1799,0,3
1800,6,6
1801,3,11
1802,6,48
1803,16,47
1804,2,55
1805,3,11
1806,11,24
1807,10,27
1808,16,47
1809,16,47
1810,13,43
1811,10,28
1812,4,0
1813,14,45
1814,5,0
1815,13,43
1816,5,15
1817,13,43
1818,14,45
1819,7,26
1820,5,15
1821,1,49
1822,13,43
1823,15,0
1824,0,0
1825,0,3
1826,13,43
1827,17,0
1828,11,35
1829,9,0
1830,4,12
1831,19,61
1832,5,31
1833,1,49
1834,5,31
1835,5,31
1836,5,0
1837,19,61
1838,3,0
1839,1,0
1840,1,49
1841,2,55
1842,10,27
1843,12,39
1844,5,16
1845,7,22
1846,7,20
1847,9,25
1848,11,54
1849,7,0
1850,3,11
1851,14,45
1852,18,57
1853,11,33
1854,13,44
1855,8,24
1856,5,0
1857,15,46
1858,14,45
1859,15,46
1860,5,31
1861,14,0
1862,8,24
1863,11,0
1864,12,32
1865,14,0
1866,15,46
1867,1,5
1868,8,0
1869,9,25
1870,16,47
1871,7,26
1872,8,23
1873,7,22
1874,3,50
1875,4,0
1876,7,0
1877,12,37
1878,14,45
1879,9,25
1880,18,58
1881,6,6
1882,19,59
1883,11,0
1884,14,41
1885,12,37
1886,4,29
1887,15,46
1888,15,46
1889,8,24
1890,14,45
1891,2,8
1892,19,0
1893,1,0
1894,9,25
1895,17,53
1896,8,23
1897,13,43
1898,14,45
1899,17,0
1900,1,30
1901,2,52
1902,15,46
1903,11,0
1904,10,0
1905,17,53
1906,7,0
1907,18,58
1908,4,0
1909,1,14
1910,14,0
1911,4,12
1912,3,11
1913,19,61
1914,2,8
1915,13,43
1916,13,43
1917,18,0
1918,0,0
1919,7,26
1920,1,49
1921,11,54
1922,3,11
1923,13,0
1924,8,24
1925,11,0
1926,6,10
1927,5,17
1928,2,8
1929,5,0
1930,6,10
1931,18,0
1932,15,46
1933,8,24
1934,0,1
1935,13,44
1936,8,0
1937,12,40
1938,19,61
1939,16,47
1940,18,58
1941,17,52
1942,10,0
1943,13,44
1944,18,57
1945,8,0
1946,7,20
1947,15,46
1948,4,13
1949,9,0
1950,8,23
1951,10,28
1952,7,0
1953,14,41
1954,13,43
1955,6,48
1956,16,8
1957,11,35
1958,2,47
1959,12,38
1960,9,25
1961,18,58
1962,15,46
1963,6,48
1964,13,0
1965,7,0
1966,5,15
1967,8,24
1968,0,3
1969,1,7
1970,1,14
1971,19,61
1972,11,33
1973,4,29
1974,10,27
1975,14,0
1976,3,11
1977,17,0
1978,5,0
1979,14,35
1980,4,0
1981,7,20
1982,2,8
1983,11,8
1984,12,39
1985,17,53
1986,11,0
1987,6,6
1988,11,35
1989,1,30
1990,15,46
1991,10,27
1992,10,28
1993,8,0
1994,7,26
1995,8,24
1996,0,3
1997,17,0
1998,16,0
1999,18,58
2000,10,28
2001,13,43
2002,15,46
2003,0,1
2004,10,28
2005,1,49
2006,17,52
2007,13,0
2008,6,10
2009,6,48
2010,17,0
2011,2,8
2012,14,45
2013,16,47
2014,10,27
2015,14,45
2016,18,59
2017,7,0
2018,18,0
2019,9,25
2020,8,0
2021,6,10
2022,6,6
2023,15,46
2024,7,0
2025,17,53
2026,11,33
2027,0,2
2028,8,24
2029,15,46
2030,9,25
2031,12,32
2032,2,55
2033,4,13
2034,5,15
2035,2,46
2036,18,58
2037,5,15
2038,13,44
2039,10,28
2040,6,10
2041,17,52
2042,4,12
2043,11,0
2044,11,54
2045,15,46
2046,6,48
2047,8,24
2048,9,25
2049,11,0
2050,11,34
2051,8,23
2052,7,21
2053,3,11
2054,1,30
2055,7,20
2056,4,29
2057,6,48
2058,12,32
2059,2,8
2060,18,56
2061,6,10
2062,1,49
2063,13,0
2064,13,44
2065,13,43
2066,6,48
2067,10,0
2068,19,61
2069,2,8
2070,14,0
2071,12,37
2072,3,11
2073,15,46
2074,19,61
2075,5,31
2076,0,3
2077,9,25
2078,1,5
2079,12,37
2080,17,53
2081,18,57
2082,11,54
2083,1,14
2084,5,16
2085,12,38
2086,5,0
2087,18,56
2088,3,11
2089,12,32
2090,18,0
2091,9,0
2092,10,28
2093,0,3
2094,1,49
2095,4,4
2096,15,46
2097,17,52
2098,16,0
2099,6,8
2100,14,45
2101,7,19
2102,8,0
2103,2,8
2104,19,61
2105,5,0
2106,7,19
2107,14,0
2108,5,55
2109,6,48
2110,18,58
2111,9,0
2112,7,21
2113,10,28
2114,1,0
2115,12,40
2116,12,38
2117,18,56
2118,1,5
2119,0,4
2120,11,34
2121,0,4
2122,16,47
2123,3,50
2124,10,27
2125,4,0
2126,13,43
2127,6,48
2128,13,43
2129,19,61
2130,18,58
2131,7,22
2132,2,0
2133,4,29
2134,9,0
2135,3,50
2136,4,0
2137,10,0
2138,8,24
2139,6,6
2140,2,0
2141,9,25
2142,7,19
2143,19,59
2144,15,0
2145,5,31
2146,17,53
2147,16,47
2148,11,0
2149,11,0
2150,13,0
2151,16,0
2152,10,28
2153,10,28
2154,4,0
2155,13,0
2156,11,0
2157,5,0
2158,4,12
2159,14,45
2160,6,6
2161,0,3
2162,14,61
2163,9,10
2164,6,10
2165,18,60
2166,4,29
2167,18,58
2168,4,29
2169,3,50
2170,15,46
2171,9,25
2172,5,16
2173,13,0
2174,11,0
2175,19,61
2176,13,61
2177,5,42
2178,16,47
2179,17,53
2180,17,52
2181,14,45
2182,3,11
2183,13,43
2184,15,46
2185,4,29
2186,2,8
2187,7,19
2188,13,43
2189,5,16
2190,0,3
2191,10,0
2192,15,46
2193,4,29
2194,4,29
2195,7,18
2196,7,26
2197,18,59
2198,17,52
2199,6,10
2200,6,48
2201,2,0
2202,18,58
2203,18,58
2204,11,54
2205,5,0
2206,10,28
2207,7,26
2208,2,55
2209,7,22
2210,2,0
2211,11,51
2212,16,8
2213,12,32
2214,12,32
2215,11,0
2216,7,20
2217,11,0
2218,0,0
2219,7,20
2220,13,44
2221,0,2
2222,6,0
2223,3,50
2224,4,0
2225,14,45
2226,0,1
2227,12,37
2228,18,57
2229,7,21
2230,0,3
2231,9,25
2232,2,0
2233,15,46
2234,1,14
2235,10,27
2236,17,53
2237,13,0
2238,7,21
2239,12,40
2240,10,27
2241,8,24
2242,18,58
2243,13,42
2244,10,28
2245,19,61
2246,13,43
2247,13,0
2248,2,8
2249,6,10
2250,13,43
2251,5,31
2252,3,11
2253,0,2
2254,5,16
2255,15,46
2256,5,31
2257,5,31
2258,19,61
2259,19,61
2260,5,15
2261,13,0
2262,3,11
2263,18,57
2264,12,32
2265,2,0
2266,7,26
2267,2,55
2268,8,23
2269,7,20
2270,16,47
2271,15,0
2272,8,24
2273,14,0
2274,1,30
2275,17,53
2276,18,56
2277,10,28
2278,7,22
2279,16,0
2280,14,45
2281,6,10
2282,10,27
2283,8,0
2284,13,44
2285,15,46
2286,12,39
2287,15,46
2288,19,61
2289,1,14
2290,17,0
2291,19,61
2292,0,0
2293,4,29
2294,5,0
2295,17,52
2296,4,12
2297,11,0
2298,10,0
2299,8,24
2300,10,0
2301,8,24
2302,5,16
2303,17,52
2304,0,2
2305,10,27
2306,14,0
2307,16,47
2308,7,20
2309,15,46
2310,13,0
2311,18,56
2312,6,48
2313,17,0
2314,1,5
2315,8,23
2316,16,47
2317,6,0
2318,5,31
2319,14,0
2320,16,0
2321,15,46
2322,6,6
2323,4,13
2324,17,52
2325,1,49
2326,9,25
2327,10,0
2328,19,61
2329,18,58
2330,17,53
2331,13,42
2332,18,58
2333,8,24
2334,4,12
2335,17,61
2336,9,25
2337,14,45
2338,12,36
2339,6,48
2340,13,0
2341,5,0
2342,7,0
2343,3,11
2344,5,16
2345,16,0
2346,0,3
2347,0,1
2348,6,48
2349,17,53
2350,10,0
2351,7,0
2352,14,0
2353,6,48
2354,8,0
2355,0,2
2356,5,16
2357,10,0
2358,14,45
2359,11,51
2360,4,13
2361,11,0
2362,19,61
2363,11,0
2364,2,55
2365,7,21
2366,8,0
2367,0,0
2368,17,0
2369,12,36
2370,4,29
2371,4,12
2372,18,59
2373,2,61
2374,1,9
2375,0,3
2376,12,39
2377,9,0
2378,18,47
2379,1,49
2380,11,54
2381,6,0
2382,2,8
2383,14,41
2384,5,15
2385,8,23
2386,9,25
2387,12,38
2388,14,45
2389,6,6
2390,6,48
2391,2,8
2392,13,42
2393,7,19
2394,17,0
2395,14,45
2396,13,0
2397,11,0
2398,7,0
2399,11,0
2400,4,0
2401,12,37
2402,0,3
2403,5,16
2404,5,31
2405,10,28
2406,7,21
2407,0,2
2408,11,54
2409,11,0
2410,16,47
2411,9,25
2412,0,3
2413,7,19
2414,16,47
2415,15,0
2416,19,61
2417,2,55
2418,18,60
2419,16,47
2420,4,13
2421,8,23
2422,8,23
2423,16,47
2424,10,0
2425,1,14
2426,7,19
2427,3,0
2428,8,23
2429,9,25
2430,19,61
2431,17,0
2432,6,10
2433,3,11
2434,4,13
2435,1,0
2436,6,6
2437,17,0
2438,9,25
2439,1,5
2440,8,0
2441,7,26
2442,7,18
2443,8,0
2444,16,8
2445,17,52
2446,14,45
2447,7,20
2448,2,55
2449,2,42
2450,2,8
2451,5,15
2452,18,59
2453,4,13
2454,8,23
2455,18,0
2456,4,29
2457,11,54
2458,19,61
2459,2,8
2460,1,30
2461,18,0
2462,8,24
2463,9,25
2464,13,44
2465,18,60
2466,6,6
2467,8,23
2468,4,29
2469,9,0
2470,17,0
2471,11,54
2472,16,47
2473,3,50
2474,14,0
2475,17,0
2476,11,0
2477,2,0
2478,19,61
2479,5,31
2480,6,0
2481,17,53
2482,3,11
2483,15,46
2484,13,44
2485,18,58
2486,0,3
2487,8,0
2488,16,47
2489,2,8
2490,0,3
2491,1,30
2492,10,28
2493,10,0
2494,0,0
2495,3,11
2496,6,23
2497,19,61
2498,1,0
2499,13,43
2500,4,13
2501,17,53
2502,16,47
2503,15,46
2504,0,3
2505,9,0
2506,11,54
2507,4,0
2508,7,22
2509,7,0
2510,7,19
2511,11,54
2512,6,10
2513,0,4
2514,13,44
2515,14,0
2516,8,23
2517,19,61
2518,13,0
2519,19,61
2520,12,0
2521,10,28
2522,13,0
2523,7,20
2524,13,44
2525,9,0
2526,15,46
2527,11,11
2528,11,51
2529,0,3
2530,4,13
2531,2,8
2532,11,0
2533,4,0
2534,18,58
2535,10,27
2536,11,0
2537,1,14
2538,6,6
2539,3,0
2540,9,0
2541,7,21
2542,8,24
2543,10,28
2544,18,59
2545,6,48
2546,7,19
2547,4,13
2548,15,46
2549,10,0
2550,2,0
2551,10,0
2552,17,0
2553,6,6
2554,2,8
2555,2,0
2556,18,57
2557,6,10
2558,7,0
2559,10,27
2560,10,60
2561,2,8
2562,8,23
2563,0,3
2564,10,28
2565,0,0
2566,11,54
2567,4,29
2568,1,9
2569,14,41
2570,2,0
2571,4,13
2572,7,22
2573,5,15
2574,6,48
2575,7,0
2576,19,61
2577,2,8
2578,8,23
2579,16,47
2580,12,32
2581,7,21
2582,7,0
2583,0,3
2584,15,46
2585,10,0
2586,17,53
2587,9,25
2588,4,12
2589,11,54
2590,18,56
2591,18,57
2592,18,56
2593,16,47
2594,4,29
2595,14,0
2596,10,0
2597,6,48
2598,18,57
2599,14,0
2600,4,13
2601,17,53
2602,7,24
2603,1,30
2604,4,12
2605,11,33
2606,11,54
2607,17,53
2608,19,61
2609,18,0
2610,13,43
2611,3,11
2612,6,10
2613,14,45
2614,18,57
2615,8,0
2616,7,20
2617,16,47
2618,9,25
2619,4,0
2620,11,54
2621,17,53
2622,4,12
2623,15,46
2624,19,61
2625,14,0
2626,4,29
2627,1,30
2628,13,0
2629,3,50
2630,16,47
2631,12,40
2632,1,14
2633,1,14
2634,7,18
2635,12,37
2636,4,29
2637,18,0
2638,8,0
2639,3,11
2640,11,54
2641,7,0
2642,3,0
2643,2,8
2644,19,61
2645,18,56
2646,4,0
2647,14,45
2648,9,25
2649,1,30
2650,10,0
2651,9,25
2652,6,6
2653,14,0
2654,11,55
2655,19,61
2656,1,5
2657,12,37
2658,1,47
2659,5,31
2660,4,29
2661,17,53
2662,13,43
2663,13,43
2664,13,42
2665,1,30
2666,8,24
2667,18,57
2668,18,58
2669,4,29
2670,4,29
2671,19,61
2672,6,48
2673,11,51
2674,2,55
2675,1,49
2676,3,50
2677,10,0
2678,6,6
2679,16,0
2680,0,3
2681,2,8
2682,1,49
2683,14,45
2684,1,49
2685,6,10
2686,19,61
2687,9,25
2688,13,43
2689,0,3
2690,3,50
2691,11,0
2692,12,37
2693,10,0
2694,14,0
2695,12,37
2696,15,0
2697,15,46
2698,12,32
2699,7,18
2700,9,0
2701,1,14
2702,15,46
2703,15,46
2704,11,33
2705,2,0
2706,12,37
2707,15,0
2708,1,14
2709,4,12
2710,0,40
2711,6,48
2712,3,11
2713,8,0
2714,5,31
2715,5,55
2716,15,46
2717,17,53
2718,13,0
2719,15,46
2720,2,55
2721,2,0
2722,11,54
2723,2,8
2724,11,8
2725,18,60
2726,5,31
2727,6,10
2728,11,33
2729,8,23
2730,17,53
2731,10,28
2732,4,0
2733,4,29
2734,3,50
2735,10,28
2736,14,41
2737,15,46
2738,11,35
2739,17,52
2740,15,46
2741,6,10
2742,16,47
2743,3,11
2744,19,0
2745,12,38
2746,4,29
2747,12,38
2748,7,0
2749,0,3
2750,14,45
2751,12,40
2752,13,43
2753,1,5
2754,17,0
2755,11,33
2756,1,0
2757,10,0
2758,2,55
2759,3,11
2760,2,0
2761,18,58
2762,10,27
2763,18,58
2764,10,27
2765,5,0
2766,2,8
2767,3,0
2768,14,45
2769,17,52
2770,14,35
2771,4,12
2772,1,14
2773,5,44
2774,3,11
2775,14,45
2776,9,0
2777,11,33
2778,16,47
2779,1,30
2780,14,45
2781,15,46
2782,16,8
2783,4,12
2784,7,19
2785,2,8
2786,11,51
2787,18,57
2788,14,45
2789,0,3
2790,0,0
2791,15,0
2792,14,0
2793,3,50
2794,6,0
2795,6,48
2796,2,8
2797,6,48
2798,11,0
2799,7,18
2800,16,47
2801,1,7
2802,4,0
2803,6,48
2804,2,55
2805,7,21
2806,3,11
2807,11,35
2808,0,3
2809,10,28
2810,2,0
2811,10,0
2812,5,31
2813,3,11
2814,5,31
2815,3,50
2816,2,55
2817,5,0
2818,17,52
2819,6,48
2820,3,11
2821,12,37
2822,12,38
2823,6,48
2824,17,53
2825,0,3
2826,14,0
2827,7,26
2828,17,0
2829,6,10
2830,6,6
2831,15,0
2832,3,50
2833,11,54
2834,4,12
2835,8,24
2836,2,0
2837,13,44
2838,18,58
2839,17,53
2840,12,38
2841,8,24
2842,0,0
2843,5,31
2844,5,31
2845,0,3
2846,11,0
2847,15,46
2848,18,57
2849,13,43
2850,9,25
2851,9,25
2852,1,0
2853,16,47
2854,1,0
2855,11,54
2856,0,3
2857,4,12
2858,4,13
2859,11,34
2860,2,8
2861,6,48
2862,10,28
2863,10,28
2864,1,49
2865,16,47
2866,3,11
2867,8,24
2868,5,16
2869,0,0
2870,10,27
2871,15,0
2872,8,24
2873,9,0
2874,0,3
2875,4,13
2876,6,10
2877,12,38
2878,1,49
2879,2,55
2880,6,48
2881,6,48
2882,2,8
2883,5,16
2884,1,9
2885,2,8
2886,7,20
2887,4,29
2888,10,28
2889,5,16
2890,6,48
2891,15,46
2892,3,11
2893,6,10
2894,1,7
2895,14,45
2896,2,8
2897,5,0
2898,10,27
2899,15,46
2900,5,0
2901,7,0
2902,0,1
2903,7,20
2904,2,55
2905,7,0
2906,5,31
2907,3,50
2908,14,41
2909,11,34
2910,13,0
2911,7,20
2912,4,29
2913,13,0
2914,15,0
2915,10,27
2916,5,31
2917,1,5
2918,9,25
2919,1,5
2920,0,0
2921,3,50
2922,13,44
2923,2,55
2924,2,8
2925,2,8
2926,17,52
2927,4,13
2928,14,45
2929,15,46
2930,2,8
2931,6,10
2932,1,30
2933,7,20
2934,8,23
2935,17,53
2936,15,46
2937,1,49
2938,10,52
2939,9,0
2940,12,39
2941,3,11
2942,2,0
2943,10,28
2944,13,44
2945,0,0
2946,9,25
2947,6,10
2948,8,24
2949,12,39
2950,0,0
2951,7,19
2952,17,52
2953,13,44
2954,19,61
2955,5,31
2956,3,11
2957,10,27
2958,6,6
2959,18,60
2960,12,39
2961,19,61
2962,2,0
2963,10,28
2964,6,10
2965,12,32
2966,9,25
2967,16,47
2968,10,28
2969,9,25
2970,9,0
2971,1,14
2972,9,0
2973,8,24
2974,9,25
2975,7,22
2976,10,27
2977,6,10
2978,1,0
2979,3,50
2980,14,45
2981,2,0
2982,15,46
2983,1,14
2984,15,46
2985,2,61
2986,14,0
2987,18,57
2988,6,48
2989,7,18
2990,12,39
2991,0,3
2992,9,25
2993,8,24
2994,17,52
2995,7,21
2996,11,51
2997,10,11
2998,12,38
2999,7,0
3000,4,0
3001,4,29
3002,7,19
3003,0,3
3004,8,0
3005,7,19
3006,8,23
3007,3,11
3008,10,28
3009,3,50
3010,12,40
3011,10,28
3012,12,40
3013,3,0
3014,8,23
3015,1,5
3016,2,0
3017,0,3
3018,7,20
3019,9,25
3020,15,46
3021,3,50
3022,16,47
3023,0,2
3024,15,46
3025,11,54
3026,13,42
3027,2,8
3028,19,61
3029,6,48
3030,1,5
3031,17,52
3032,18,0
3033,11,51
3034,5,0
3035,8,24
3036,5,31
3037,7,26
3038,8,24
3039,11,34
3040,12,37
3041,0,3
3042,16,0
3043,7,0
3044,19,61
3045,5,0
3046,15,46
3047,4,0
3048,19,61
3049,12,32
3050,0,3
3051,9,25
3052,1,30
3053,1,14
3054,7,20
3055,15,46
3056,4,29
3057,17,53
3058,16,0
3059,3,50
3060,14,45
3061,15,46
3062,3,50
3063,12,0
3064,18,60
3065,0,1
3066,11,54
3067,13,0
3068,10,27
3069,18,56
3070,3,11
3071,0,0
3072,16,47
3073,1,14
3074,6,0
3075,8,23
3076,14,41
3077,7,0
3078,3,11
3079,5,31
3080,17,0
3081,1,30
3082,7,18
3083,11,0
3084,18,59
3085,14,45
3086,18,56
3087,6,48
3088,7,0
3089,1,9
3090,6,0
3091,14,0
3092,7,22
3093,19,61
3094,19,61
3095,18,0
3096,7,21
3097,17,52
3098,6,10
3099,11,33
3100,13,44
3101,16,8
3102,7,21
3103,18,0
3104,7,21
3105,2,0
3106,7,26
3107,0,1
3108,15,46
3109,11,54
3110,14,0
3111,1,7
3112,17,53
3113,5,31
3114,15,46
3115,1,49
3116,15,46
3117,2,8
3118,4,0
3119,13,42
3120,19,61
3121,15,0
3122,5,16
3123,6,6
3124,1,9
3125,7,18
3126,8,0
3127,1,7
3128,12,32
3129,14,45
3130,11,35
3131,2,8
3132,10,28
3133,4,13
3134,16,47
3135,18,60
3136,8,24
3137,4,0
3138,5,15
3139,5,0
3140,0,1
3141,1,30
3142,18,57
3143,6,6
3144,6,48
3145,11,35
3146,3,0
3147,17,53
3148,8,23
3149,19,61
3150,7,25
3151,1,14
3152,12,38
3153,8,24
3154,3,0
3155,1,7
3156,17,52
3157,16,0
3158,2,8
3159,2,8
3160,15,46
3161,9,0
3162,0,3
3163,0,3
3164,8,23
3165,1,49
3166,8,23
3167,10,28
3168,2,55
3169,9,25
3170,6,0
3171,2,8
3172,0,0
3173,7,25
3174,0,2
3175,2,8
3176,2,8
3177,7,0
3178,9,0
3179,10,28
3180,18,59
3181,0,4
3182,8,23
3183,2,8
3184,0,3
3185,19,61
3186,14,45
3187,0,2
3188,15,46
3189,9,0
3190,8,24
3191,5,0
3192,19,61
3193,2,8
3194,9,0
3195,17,52
3196,18,59
3197,7,24
3198,14,45
3199,3,50
3200,16,61
3201,6,6
3202,7,22
3203,13,43
3204,1,9
3205,18,0
3206,12,39
3207,15,46
3208,12,38
3209,16,47
3210,3,0
3211,3,50
3212,6,10
3213,4,0
3214,13,43
3215,0,3
3216,14,45
3217,14,45
3218,2,55
3219,7,21
3220,9,0
3221,6,10
3222,6,0
3223,12,39
3224,6,6
3225,7,18
3226,12,40
3227,6,6
3228,12,37
3229,3,11
3230,4,12
3231,0,1
3232,19,61
3233,2,8
3234,13,0
3235,11,51
3236,1,14
3237,10,28
3238,8,23
3239,14,45
3240,1,5
3241,11,35
3242,1,49
3243,10,28
3244,4,0
3245,1,5
3246,11,35
3247,7,22
3248,1,49
3249,18,56
3250,8,24
3251,1,49
3252,19,61
3253,19,61
3254,0,2
3255,0,1
3256,12,37
3257,5,31
3258,9,25
3259,1,49
3260,5,17
3261,13,42
3262,13,0
3263,11,35
3264,17,53
3265,16,47
3266,14,0
3267,11,0
3268,4,29
3269,0,3
3270,7,20
3271,8,23
3272,16,47
3273,9,0
3274,4,13
3275,12,36
3276,18,58
3277,14,45
3278,18,57
3279,10,27
3280,10,27
3281,4,0
3282,16,47
3283,5,31
3284,19,61
3285,19,61
3286,14,45
3287,18,57
3288,1,49
3289,14,45
3290,5,16
3291,0,3
3292,6,10
3293,9,25
3294,16,47
3295,13,0
3296,2,61
3297,18,28
3298,4,12
3299,7,22
3300,19,61
3301,0,3
3302,13,43
3303,7,18
3304,15,46
3305,10,28
3306,18,57
3307,10,28
3308,17,53
3309,1,5
3310,14,0
3311,9,25
3312,6,48
3313,13,43
3314,18,58
3315,18,0
3316,11,51
3317,14,0
3318,0,3
3319,3,50
3320,7,0
3321,4,29
3322,11,33
3323,8,23
3324,5,15
3325,14,45
3326,6,48
3327,17,53
3328,15,46
3329,13,0
3330,6,0
3331,10,28
3332,4,13
3333,8,0
3334,1,30
3335,17,0
3336,11,0
3337,19,61
3338,1,49
3339,5,16
3340,16,47
3341,2,8
3342,3,11
3343,7,22
3344,5,55
3345,7,18
3346,15,46
3347,13,44
3348,5,15
3349,5,15
3350,19,61
3351,15,46
3352,2,0
3353,2,55
3354,4,0
3355,16,27
3356,14,45
3357,17,53
3358,17,0
3359,18,57
3360,8,0
3361,17,53
3362,13,43
3363,4,13
3364,18,58
3365,17,52
3366,3,11
3367,10,0
3368,10,28
3369,16,0
3370,8,24
3371,0,0
3372,1,5
3373,17,61
3374,3,11
3375,2,8
3376,16,0
3377,15,46
3378,10,28
3379,11,54
3380,4,0
3381,11,0
3382,14,45
3383,14,45
3384,0,3
3385,18,57
3386,6,6
3387,11,35
3388,11,0
3389,2,8
3390,18,56
3391,3,11
3392,2,8
3393,18,58
3394,18,60
3395,19,61
3396,7,19
3397,3,50
3398,15,46
3399,0,2
3400,18,60
3401,9,0
3402,14,45
3403,3,0
3404,12,36
3405,3,0
3406,16,47
3407,5,15
3408,8,24
3409,18,57
3410,17,52
3411,9,25
3412,18,60
3413,1,30
3414,16,0
3415,6,0
3416,18,56
3417,8,24
3418,19,61
3419,6,48
3420,6,6
3421,18,57
3422,10,27
3423,13,0
3424,4,0
3425,0,3
3426,4,0
3427,14,41
3428,15,0
3429,13,0
3430,6,10
3431,8,0
3432,5,31
3433,1,30
3434,1,9
3435,2,8
3436,7,0
3437,12,39
3438,12,37
3439,14,45
3440,11,0
3441,3,11
3442,12,40
3443,7,21
3444,5,15
3445,10,0
3446,8,0
3447,17,52
3448,1,5
3449,16,47
3450,14,45
3451,8,24
3452,12,38
3453,1,14
3454,1,49
3455,7,20
3456,3,11
3457,5,16
3458,0,3
3459,6,0
3460,10,28
3461,1,49
3462,10,28
3463,9,25
3464,14,45
3465,3,11
3466,4,13
3467,8,24
3468,13,44
3469,11,54
3470,17,53
3471,1,30
3472,12,37
3473,3,50
3474,13,44
3475,11,35
3476,14,45
3477,1,5
3478,11,0
3479,7,22
3480,13,42
3481,4,13
3482,4,13
3483,7,20
3484,2,8
3485,4,0
3486,17,0
3487,9,25
3488,16,47
3489,16,0
3490,14,45
3491,3,11
3492,17,53
3493,4,13
3494,12,39
3495,13,0
3496,5,16
3497,4,0
3498,13,43
3499,1,9
3500,7,21
3501,10,28
3502,6,6
3503,13,42
3504,3,0
3505,12,37
3506,10,27
3507,2,27
3508,16,47
3509,11,51
3510,3,0
3511,10,0
3512,14,45
3513,8,24
3514,13,43
3515,10,0
3516,4,13
3517,6,0
3518,1,49
3519,10,0
3520,14,45
3521,13,44
3522,6,10
3523,7,19
3524,13,44
3525,11,0
3526,6,10
3527,8,24
3528,11,54
3529,19,61
3530,2,8
3531,7,19
3532,4,12
3533,6,10
3534,11,54
3535,5,31
3536,0,2
3537,5,15
3538,7,21
3539,18,0
3540,6,0
3541,2,8
3542,19,8
3543,10,0
3544,1,0
3545,1,30
3546,8,24
3547,16,47
3548,14,45
3549,15,0
3550,4,13
3551,10,8
3552,10,27
3553,12,39
3554,3,11
3555,0,4
3556,2,8
3557,11,51
3558,1,30
3559,15,46
3560,16,47
3561,15,46
3562,5,31
3563,3,0
3564,12,36
3565,0,0
3566,7,21
3567,16,47
3568,12,32
3569,14,45
3570,14,45
3571,14,35
3572,5,16
3573,3,11
3574,18,56
3575,13,43
3576,2,47
3577,16,47
3578,11,54
3579,16,47
3580,1,49
3581,14,0
3582,0,2
3583,7,22
3584,11,35
3585,15,0
3586,7,21
3587,14,45
3588,2,8
3589,5,0
3590,18,57
3591,6,6
3592,0,1
3593,10,28
3594,5,31
3595,4,0
3596,2,0
3597,7,19
3598,4,13
3599,1,14
3600,1,5
3601,18,57
3602,5,16
3603,2,55
3604,17,53
3605,14,41
3606,6,10
3607,0,3
3608,13,0
3609,4,13
3610,4,0
3611,13,43
3612,7,0
3613,11,54
3614,6,48
3615,4,0
3616,4,29
3617,4,12
3618,7,20
3619,4,29
3620,9,25
3621,14,45
3622,9,0
3623,10,28
3624,6,0
3625,11,35
3626,15,46
3627,1,9
3628,8,24
3629,13,43
3630,3,50
3631,18,58
3632,10,28
3633,19,61
3634,15,0
3635,2,0
3636,4,13
3637,17,53
3638,19,61
3639,14,45
3640,1,0
3641,3,11
3642,5,31
3643,14,0
3644,5,0
3645,3,0
3646,17,52
3647,14,45
3648,11,51
3649,16,47
3650,13,0
3651,4,0
3652,17,52
3653,14,45
3654,12,40
3655,16,47
3656,16,52
3657,15,46
3658,5,16
3659,1,7
3660,7,20
3661,6,10
3662,3,11
3663,12,37
3664,13,43
3665,11,54
3666,10,28
3667,5,31
3668,14,0
3669,19,61
3670,10,28
3671,1,14
3672,18,60
3673,19,61
3674,10,28
3675,2,8
3676,10,28
3677,5,15
3678,17,0
3679,14,45
3680,12,37
3681,14,45
3682,11,33
3683,12,39
3684,16,47
3685,3,0
3686,12,32
3687,18,58
3688,13,44
3689,0,3
3690,11,51
3691,0,0
3692,5,31
3693,5,0
3694,15,46
3695,19,61
3696,10,28
3697,0,1
3698,9,25
3699,4,12
3700,2,8
3701,4,29
3702,19,61
3703,14,45
3704,11,0
3705,19,61
3706,19,61
3707,6,6
3708,2,0
3709,16,47
3710,7,20
3711,16,0
3712,6,10
3713,3,50
3714,14,45
3715,0,0
3716,19,61
3717,16,47
3718,17,52
3719,5,31
3720,16,0
3721,14,45
3722,18,58
3723,8,24
3724,19,61
3725,18,57
3726,11,33
3727,11,54
3728,8,0
3729,2,55
3730,1,0
3731,17,53
3732,1,30
3733,11,54
3734,11,54
3735,0,3
3736,0,3
3737,9,25
3738,10,28
3739,9,25
3740,14,45
3741,7,22
3742,14,45
3743,13,42
3744,14,45
3745,0,3
3746,11,33
3747,6,10
3748,16,47
3749,12,36
3750,13,43
3751,5,15
3752,8,24
3753,0,3
3754,15,46
3755,0,1
3756,19,61
3757,5,0
3758,3,11
3759,13,43
3760,4,29
3761,1,7
3762,17,52
3763,11,51
3764,19,61
3765,18,57
3766,11,54
3767,7,19
3768,14,45
3769,6,48
3770,12,32
3771,15,46
3772,15,46
3773,16,0
3774,1,30
3775,5,52
3776,1,5
3777,1,49
3778,3,11
3779,6,48
3780,2,0
3781,4,29
3782,19,61
3783,17,52
3784,8,23
3785,1,49
3786,16,47
3787,0,3
3788,7,19
3789,5,31
3790,9,0
3791,5,31
3792,12,32
3793,12,38
3794,17,53
3795,3,50
3796,18,59
3797,9,0
3798,1,0
3799,14,45
3800,15,46
3801,14,41
3802,17,52
3803,3,50
3804,3,50
3805,15,46
3806,11,33
3807,19,61
3808,12,39
3809,17,53
3810,0,3
3811,4,12
3812,18,58
3813,8,23
3814,14,45
3815,5,16
3816,1,14
3817,1,7
3818,5,15
3819,11,0
3820,15,46
3821,5,0
3822,16,0
3823,2,8
3824,6,48
3825,8,24
3826,7,21
3827,4,13
3828,9,25
3829,13,43
3830,8,24
3831,18,58
3832,6,48
3833,6,0
3834,1,5
3835,3,0
3836,13,0
3837,1,14
3838,2,8
3839,19,61
3840,11,54
3841,13,43
3842,10,0
3843,14,0
3844,18,57
3845,18,59
3846,12,32
3847,3,11
3848,7,0
3849,12,37
3850,12,39
3851,9,25
3852,6,6
3853,0,3
3854,17,52
3855,17,0
3856,3,11
3857,17,53
3858,9,25
3859,10,28
3860,7,19
3861,5,16
3862,1,9
3863,7,18
3864,19,61
3865,1,7
3866,18,58
3867,2,34
3868,15,0
3869,4,13
3870,19,61
3871,16,0
3872,11,54
3873,13,0
3874,8,0
3875,16,47
3876,12,38
3877,7,0
3878,1,30
3879,3,50
3880,17,53
3881,16,47
3882,1,30
3883,19,61
3884,8,24
3885,0,3
3886,12,32
3887,9,25
3888,15,0
3889,11,51
3890,9,25
3891,16,47
3892,2,0
3893,9,0
3894,7,21
3895,16,47
3896,0,3
3897,8,23
3898,0,3
3899,13,43
3900,10,28
3901,1,5
3902,3,11
3903,14,45
3904,17,53
3905,5,16
3906,11,54
3907,0,2
3908,6,0
3909,6,6
3910,18,57
3911,17,52
3912,4,0
3913,19,61
3914,16,47
3915,10,27
3916,5,31
3917,5,31
3918,8,6
3919,5,15
3920,4,0
3921,3,11
3922,12,37
3923,15,46
3924,15,46
3925,8,23
3926,12,36
3927,4,0
3928,14,45
3929,1,5
3930,9,25
3931,18,59
3932,6,48
3933,11,0
3934,1,30
3935,11,0
3936,3,11
3937,3,50
3938,3,11
3939,4,0
3940,18,56
3941,13,43
3942,12,38
3943,6,0
3944,12,38
3945,2,0
3946,19,61
3947,3,11
3948,18,60
3949,5,15
3950,4,13
3951,7,18
3952,15,0
3953,13,44
3954,16,0
3955,4,29
3956,11,54
3957,8,23
3958,1,49
3959,11,54
3960,18,0
3961,15,46
3962,13,43
3963,6,6
3964,11,0
3965,14,45
3966,18,0
3967,7,20
3968,16,47
3969,13,0
3970,0,3
3971,1,30
3972,11,33
3973,0,3
3974,14,41
3975,6,48
3976,19,61
3977,14,45
3978,3,11
3979,18,57
3980,6,6
3981,0,1
3982,8,0
3983,0,3
3984,15,46
3985,4,29
3986,18,59
3987,1,14
3988,2,0
3989,3,0
3990,5,31
3991,6,6
3992,10,28
3993,18,57
3994,0,2
3995,4,13
3996,1,30
3997,15,46
3998,9,0
3999,7,22
4000,8,0
4001,2,8
4002,6,10
4003,5,15
4004,3,50
4005,4,12
4006,13,43
4007,17,53
4008,11,55
4009,15,46
4010,3,11
4011,18,58
4012,17,52
4013,8,0
4014,10,27
4015,0,3
4016,11,54
4017,7,22
4018,0,0
4019,15,46
4020,19,61
4021,8,24
4022,11,54
4023,0,3
4024,1,14
4025,7,21
4026,18,58
4027,2,8
4028,6,0
4029,4,0
4030,17,61
4031,7,21
4032,14,45
4033,17,0
4034,2,55
4035,14,45
4036,12,37
4037,16,47
4038,9,0
4039,1,14
4040,6,10
4041,12,40
4042,3,11
4043,4,29
4044,18,57
4045,1,30
4046,4,0
4047,14,45
4048,17,53
4049,4,0
4050,19,61
4051,2,8
4052,14,45
4053,4,0
4054,18,60
4055,13,42
4056,16,47
4057,5,15
4058,4,0
4059,18,0
4060,16,0
4061,0,2
4062,13,43
4063,12,32
4064,16,47
4065,11,54
4066,3,11
4067,15,0
4068,1,14
4069,6,0
4070,11,33
4071,18,56
4072,12,38
4073,11,51
4074,18,56
4075,2,0
4076,14,0
4077,10,28
4078,11,51
4079,3,11
4080,5,31
4081,4,29
4082,12,38
4083,17,52
4084,17,53
4085,11,0
4086,3,11
4087,18,56
4088,12,38
4089,15,0
4090,1,49
4091,17,0
4092,6,0
4093,5,16
4094,0,4
4095,8,24
4096,11,0
4097,18,60
4098,1,30
4099,12,39
4100,6,6
4101,14,0
4102,2,55
4103,12,36
4104,13,43
4105,18,60
4106,15,46
4107,8,23
4108,1,5
4109,12,39
4110,1,49
4111,17,53
4112,2,0
4113,0,2
4114,5,0
4115,15,46
4116,11,0
4117,12,39
4118,13,0
4119,10,27
4120,1,30
4121,13,43
4122,5,55
4123,8,24
4124,3,0
4125,13,0
4126,15,0
4127,17,0
4128,8,0
4129,6,48
4130,17,52
4131,18,58
4132,10,0
4133,7,0
4134,3,11
4135,8,24
4136,12,32
4137,2,55
4138,16,28
4139,4,13
4140,1,30
4141,13,44
4142,7,0
4143,10,28
4144,3,50
4145,13,43
4146,2,55
4147,9,0
4148,14,45
4149,14,0
4150,6,6
4151,9,25
4152,18,59
4153,12,32
4154,3,8
4155,1,0
4156,11,35
4157,1,30
4158,5,0
4159,4,12
4160,10,27
4161,15,46
4162,16,47
4163,9,25
4164,10,28
4165,7,26
4166,4,13
4167,9,38
4168,4,13
4169,11,54
4170,15,0
4171,0,3
4172,2,0
4173,9,25
4174,16,0
4175,16,0
4176,4,11
4177,9,25
4178,6,48
4179,11,51
4180,8,0
4181,2,8
4182,18,59
4183,3,50
4184,14,0
4185,14,45
4186,12,32
4187,7,19
4188,3,0
4189,9,25
4190,6,48
4191,12,38
4192,10,0
4193,6,48
4194,4,12
4195,13,43
4196,6,10
4197,10,27
4198,13,43
4199,14,45
4200,17,52
4201,6,0
4202,2,0
4203,12,37
4204,0,4
4205,18,56
4206,7,26
4207,15,46
4208,7,19
4209,1,30
4210,15,46
4211,3,11
4212,3,50
4213,17,52
4214,2,8
4215,15,46
4216,5,15
4217,1,14
4218,9,25
4219,18,60
4220,12,38
4221,10,0
4222,7,18
4223,9,25
4224,15,46
4225,2,8
4226,0,3
4227,2,8
4228,4,13
4229,11,55
4230,13,43
4231,18,60
4232,4,0
4233,15,0
4234,10,27
4235,6,48
4236,10,28
4237,18,56
4238,1,49
4239,13,43
4240,1,30
4241,8,23
4242,4,13
4243,12,39
4244,11,51
4245,12,39
4246,7,20
4247,7,0
4248,10,27
4249,7,26
4250,10,28
4251,1,5
4252,6,47
4253,3,11
4254,10,28
4255,11,51
4256,12,36
4257,8,23
4258,12,37
4259,17,53
4260,13,0
4261,8,0
4262,3,0
4263,13,43
4264,10,27
4265,1,49
4266,18,0
4267,18,60
4268,16,47
4269,8,23
4270,1,14
4271,17,52
4272,15,0
4273,8,24
4274,14,45
4275,13,0
4276,9,25
4277,16,0
4278,3,50
4279,13,43
4280,2,55
4281,14,45
4282,2,0
4283,8,24
4284,10,28
4285,16,47
4286,0,3
4287,17,52
4288,3,11
4289,9,0
4290,1,14
4291,18,56
4292,16,47
4293,0,2
4294,5,15
4295,10,27
4296,18,57
4297,1,0
4298,8,24
4299,1,49
4300,5,15
4301,8,23
4302,2,8
4303,1,14
4304,10,27
4305,18,56
4306,13,43
4307,6,10
4308,18,57
4309,1,9
4310,15,46
4311,17,0
4312,1,9
4313,7,26
4314,4,29
4315,13,42
4316,11,33
4317,9,25
4318,7,18
4319,16,0
4320,8,23
4321,12,39
4322,17,53
4323,4,12
4324,13,44
4325,15,46
4326,13,43
4327,9,25
4328,8,24
4329,2,8
4330,6,10
4331,4,29
4332,1,49
4333,11,54
4334,0,3
4335,16,47
4336,1,49
4337,10,0
4338,13,43
4339,11,23
4340,1,49
4341,10,27
4342,19,61
4343,7,19
4344,6,0
4345,5,17
4346,2,8
4347,13,43
4348,5,15
4349,4,0
4350,18,56
4351,8,0
4352,14,41
4353,6,6
4354,12,38
4355,17,53
4356,18,59
4357,4,13
4358,4,12
4359,5,16
4360,6,48
4361,3,11
4362,13,43
4363,4,11
4364,0,2
4365,8,0
4366,3,11
4367,4,29
4368,18,57
4369,17,0
4370,2,55
4371,9,0
4372,11,54
4373,10,0
4374,11,54
4375,12,37
4376,18,57
4377,18,57
4378,14,41
4379,16,47
4380,9,0
4381,8,23
4382,14,0
4383,17,52
4384,19,0
4385,17,52
4386,6,10
4387,9,25
4388,10,28
4389,6,0
4390,0,3
4391,14,45
4392,8,0
4393,2,8
4394,9,0
4395,11,54
4396,4,12
4397,14,45
4398,12,39
4399,9,25
4400,3,11
4401,7,19
4402,10,28
4403,2,8
4404,3,50
4405,3,0
4406,0,3
4407,15,46
4408,3,50
4409,14,45
4410,1,9
4411,17,53
4412,5,15
4413,13,44
4414,10,0
4415,3,11
4416,12,32
4417,12,37
4418,12,36
4419,18,57
4420,6,10
4421,2,0
4422,12,40
4423,0,3
4424,7,20
4425,10,28
4426,1,14
4427,0,0
4428,5,16
4429,9,25
4430,0,3
4431,17,53
4432,13,44
4433,18,56
4434,6,48
4435,19,61
4436,13,42
4437,13,43
4438,4,0
4439,18,59
4440,13,43
4441,1,49
4442,3,0
4443,14,0
4444,4,13
4445,12,40
4446,10,28
4447,4,12
4448,7,22
4449,17,52
4450,17,0
4451,11,51
4452,6,10
4453,14,45
4454,5,15
4455,2,8
4456,7,26
4457,17,0
4458,2,8
4459,8,0
4460,2,55
4461,7,22
4462,0,3
4463,2,8
4464,5,16
4465,15,46
4466,7,22
4467,18,58
4468,13,42
4469,2,55
4470,3,50
4471,5,16
4472,11,51
4473,2,0
4474,6,48
4475,4,0
4476,0,0
4477,16,47
4478,18,57
4479,5,8
4480,19,61
4481,1,49
4482,12,39
4483,14,45
4484,18,57
4485,4,0
4486,10,28
4487,6,0
4488,1,14
4489,7,21
4490,5,0
4491,4,13
4492,15,46
4493,7,18
4494,0,3
4495,10,28
4496,19,61
4497,13,42
4498,11,51
4499,9,25
4500,9,25
4501,10,28
4502,5,15
4503,18,59
4504,10,28
4505,7,21
4506,9,25
4507,13,0
4508,9,25
4509,3,11
4510,5,0
4511,18,57
4512,16,47
4513,18,61
4514,7,19
4515,10,28
4516,13,42
4517,5,16
4518,7,11
4519,13,44
4520,1,14
4521,1,49
4522,18,57
4523,10,0
4524,1,30
4525,12,39
4526,7,19
4527,1,49
4528,16,0
4529,16,47
4530,7,0
4531,12,37
4532,17,52
4533,15,46
4534,13,0
4535,6,48
4536,4,13
4537,5,0
4538,16,47
4539,16,0
4540,19,61
4541,10,0
4542,9,0
4543,6,48
4544,2,8
4545,19,61
4546,0,3
4547,11,54
4548,18,57
4549,4,13
4550,0,3
4551,1,0
4552,1,49
4553,12,38
4554,16,47
4555,7,0
4556,14,45
4557,17,53
4558,18,57
4559,19,61
4560,8,24
4561,6,0
4562,14,0
4563,18,56
4564,10,27
4565,14,45
4566,19,59
4567,1,49
4568,6,0
4569,6,48
4570,15,0
4571,18,0
4572,2,8
4573,19,61
4574,10,27
4575,7,26
4576,13,44
4577,6,6
4578,11,51
4579,3,50
4580,9,25
4581,4,0
4582,16,47
4583,2,8
4584,0,3
4585,9,0
4586,18,0
4587,6,6
4588,4,13
4589,9,0
4590,2,8
4591,11,54
4592,6,6
4593,15,46
4594,10,27
4595,4,13
4596,9,0
4597,17,52
4598,0,2
4599,18,59
4600,19,61
4601,9,25
4602,6,0
4603,9,25
4604,11,0
4605,16,0
4606,19,61
4607,18,60
4608,4,13
4609,14,0
4610,14,41
4611,5,0
4612,7,26
4613,12,32
4614,0,3
4615,13,43
4616,16,0
4617,5,16
4618,0,0
4619,16,47
4620,6,0
4621,15,46
4622,1,5
4623,4,0
4624,3,50
4625,16,0
4626,3,50
4627,6,0
4628,10,0
4629,16,47
4630,15,0
4631,11,0
4632,16,47
4633,9,25
4634,12,32
4635,15,0
4636,12,37
4637,4,13
4638,10,28
4639,6,6
4640,2,55
4641,14,0
4642,17,52
4643,9,25
4644,10,0
4645,7,0
4646,4,0
4647,17,53
4648,0,2
4649,2,8
4650,16,47
4651,1,49
4652,19,61
4653,1,0
4654,15,46
4655,14,41
4656,15,46
4657,0,3
4658,13,43
4659,14,45
4660,11,51
4661,4,29
4662,14,45
4663,7,21
4664,0,3
4665,9,0
4666,0,3
4667,0,0
4668,7,0
4669,16,47
4670,9,42
4671,14,45
4672,8,24
4673,4,0
4674,18,58
4675,5,16
4676,6,10
4677,12,32
4678,15,46
4679,6,6
4680,1,7
4681,7,0
4682,2,0
4683,15,46
4684,12,37
4685,2,0
4686,18,0
4687,6,10
4688,12,37
4689,11,54
4690,18,57
4691,2,8
4692,12,39
4693,3,50
4694,5,0
4695,7,21
4696,6,6
4697,3,11
4698,6,6
4699,10,0
4700,10,28
4701,2,8
4702,1,14
4703,10,0
4704,2,55
4705,8,33
4706,4,0
4707,14,0
4708,11,34
4709,5,16
4710,12,40
4711,12,32
4712,4,13
4713,2,55
4714,13,43
4715,9,25
4716,10,0
4717,8,0
4718,10,0
4719,15,46
4720,10,27
4721,5,16
4722,4,0
4723,0,3
4724,11,8
4725,1,5
4726,1,5
4727,13,43
4728,11,33
4729,13,43
4730,17,53
4731,6,48
4732,0,4
4733,3,11
4734,15,46
4735,10,0
4736,4,13
4737,15,46
4738,11,0
4739,18,57
4740,4,29
4741,4,12
4742,3,11
4743,11,0
4744,15,46
4745,9,25
4746,19,61
4747,7,0
4748,15,46
4749,10,0
4750,14,0
4751,2,8
4752,11,35
4753,3,50
4754,10,28
4755,2,8
4756,11,51
4757,12,32
4758,17,52
4759,18,58
4760,16,47
4761,4,13
4762,5,16
4763,11,54
4764,3,21
4765,1,30
4766,15,0
4767,18,60
4768,18,57
4769,4,29
4770,2,55
4771,19,61
4772,8,0
4773,0,3
4774,3,50
4775,14,45
4776,14,45
4777,15,0
4778,11,0
4779,7,0
4780,18,58
4781,10,28
4782,7,26
4783,8,23
4784,9,25
4785,2,8
4786,2,8
4787,8,0
4788,10,50
4789,11,0
4790,1,49
4791,9,0
4792,4,0
4793,0,3
4794,19,61
4795,4,13
4796,2,8
4797,12,36
4798,11,51
4799,12,37
4800,3,50
4801,10,0
4802,10,28
4803,13,43
4804,3,50
4805,18,60
4806,6,48
4807,5,17
4808,6,10
4809,1,0
4810,7,22
4811,19,61
4812,5,17
4813,15,46
4814,10,0
4815,2,55
4816,3,50
4817,3,11
4818,13,43
4819,0,3
4820,10,27
4821,5,0
4822,19,61
4823,0,0
4824,5,15
4825,9,25
4826,8,23
4827,9,0
4828,6,48
4829,5,31
4830,17,52
4831,10,28
4832,0,3
4833,10,28
4834,19,61
4835,3,50
4836,8,23
4837,7,26
4838,4,13
4839,17,0
4840,6,6
4841,6,48
4842,9,0
4843,12,37
4844,10,0
4845,18,56
4846,2,8
4847,19,61
4848,2,8
4849,18,60
4850,1,49
4851,5,16
4852,10,0
4853,5,16
4854,9,25
4855,10,0
4856,2,8
4857,3,11
4858,7,0
4859,5,31
4860,4,12
4861,10,27
4862,5,31
4863,14,45
4864,2,8
4865,12,39
4866,16,47
4867,8,24
4868,10,0
4869,11,54
4870,8,0
4871,12,39
4872,5,0
4873,2,0
4874,15,46
4875,13,0
4876,5,0
4877,15,46
4878,18,58
4879,12,40
4880,15,0
4881,9,25
4882,15,0
4883,6,0
4884,17,52
4885,7,0
4886,18,0
4887,1,5
4888,1,7
4889,18,58
4890,8,24
4891,13,43
4892,14,45
4893,6,10
4894,17,52
4895,4,0
4896,3,11
4897,4,0
4898,8,23
4899,1,30
4900,12,39
4901,1,49
4902,15,46
4903,19,61
4904,0,3
4905,13,43
4906,11,54
4907,10,28
4908,6,10
4909,17,53
4910,0,0
4911,17,53
4912,4,0
4913,9,0
4914,13,0
4915,18,58
4916,16,47
4917,0,4
4918,3,50
4919,2,0
4920,4,13
4921,14,45
4922,13,43
4923,15,0
4924,15,46
4925,14,0
4926,18,57
4927,10,27
4928,0,2
4929,8,23
4930,1,5
4931,3,50
4932,17,53
4933,11,54
4934,5,15
4935,7,22
4936,14,45
4937,15,46
4938,17,52
4939,11,35
4940,15,46
4941,8,24
4942,6,48
4943,0,3
4944,12,40
4945,5,15
4946,6,0
4947,0,3
4948,11,35
4949,0,3
4950,7,0
4951,4,29
4952,1,49
4953,4,0
4954,7,0
4955,13,43
4956,11,51
4957,7,26
4958,5,31
4959,8,24
4960,16,0
4961,15,46
4962,17,47
4963,7,20
4964,11,54
4965,4,12
4966,19,59
4967,8,23
4968,6,25
4969,4,0
4970,6,0
4971,0,1
4972,5,55
4973,6,48
4974,16,47
4975,11,33
4976,11,54
4977,15,46
4978,10,28
4979,7,19
4980,14,45
4981,2,55
4982,10,28
4983,6,48
4984,17,0
4985,3,50
4986,15,46
4987,14,45
4988,12,40
4989,15,0
4990,10,28
4991,8,0
4992,17,53
4993,0,3
4994,6,6
4995,16,47
4996,17,53
4997,2,0
4998,11,33
4999,18,59
5000,2,8
5001,10,28
5002,13,43
5003,16,47
5004,7,21
5005,9,0
5006,13,0
5007,13,42
5008,15,46
5009,12,40
5010,7,0
5011,0,3
5012,11,33
5013,13,0
5014,17,53
5015,16,47
5016,6,48
5017,17,52
5018,14,0
5019,2,47
5020,0,2
5021,0,2
5022,2,8
5023,8,0
5024,9,0
5025,18,58
5026,11,0
5027,19,61
5028,2,8
5029,5,15
5030,1,5
5031,15,46
5032,11,51
5033,15,0
5034,6,0
5035,15,46
5036,0,0
5037,8,0
5038,4,0
5039,13,43
5040,12,38
5041,7,0
5042,7,20
5043,10,0
5044,11,54
5045,18,58
5046,4,13
5047,12,32
5048,5,0
5049,6,10
5050,2,8
5051,9,25
5052,7,18
5053,14,0
5054,0,0
5055,12,37
5056,14,45
5057,13,0
5058,4,29
5059,7,18
5060,3,50
5061,14,45
5062,8,23
5063,11,51
5064,11,35
5065,2,8
5066,10,27
5067,0,3
5068,15,46
5069,10,28
5070,16,47
5071,7,22
5072,8,24
5073,3,12
5074,11,51
5075,18,0
5076,13,0
5077,7,18
5078,10,28
5079,6,10
5080,9,12
5081,15,0
5082,2,8
5083,18,0
5084,1,7
5085,19,61
5086,10,27
5087,12,40
5088,12,37
5089,13,44
5090,5,31
5091,0,3
5092,0,1
5093,3,11
5094,11,35
5095,12,38
5096,3,0
5097,8,0
5098,5,0
5099,0,2
5100,16,47
5101,11,0
5102,6,0
5103,9,25
5104,18,0
5105,6,6
5106,4,13
5107,4,13
5108,5,15
5109,6,48
5110,14,41
5111,13,43
5112,17,53
5113,8,23
5114,14,45
5115,2,0
5116,4,29
5117,18,58
5118,10,0
5119,7,19
5120,2,55
5121,5,16
5122,7,22
5123,15,46
5124,5,16
5125,9,25
5126,7,26
5127,8,23
5128,10,0
5129,3,50
5130,16,47
5131,16,47
5132,11,33
5133,19,61
5134,10,0
5135,6,6
5136,0,0
5137,5,0
5138,13,43
5139,13,43
5140,14,0
5141,19,59
5142,15,0
5143,4,0
5144,13,44
5145,1,7
5146,7,0
5147,12,39
5148,14,45
5149,4,13
5150,12,32
5151,10,27
5152,6,48
5153,5,55
5154,11,0
5155,18,58
5156,13,44
5157,3,11
5158,15,46
5159,13,0
5160,4,13
5161,5,31
5162,18,58
5163,1,49
5164,7,0
5165,6,48
5166,6,48
5167,12,37
5168,4,61
5169,9,0
5170,8,24
5171,2,8
5172,17,52
5173,19,61
5174,18,0
5175,11,0
5176,5,16
5177,6,0
5178,2,8
5179,4,13
5180,7,20
5181,5,31
5182,0,2
5183,0,0
5184,16,47
5185,14,45
5186,10,27
5187,6,48
5188,11,33
5189,14,45
5190,4,29
5191,10,27
5192,0,4
5193,0,4
5194,18,57
5195,11,0
5196,2,8
5197,0,3
5198,1,49
5199,1,49
5200,4,0
5201,5,16
5202,17,53
5203,0,3
5204,0,3
5205,14,0
5206,0,4
5207,8,24
5208,6,0
5209,2,8
5210,8,24
5211,14,45
5212,17,52
5213,11,0
5214,0,3
5215,5,0
5216,12,39
5217,6,48
5218,4,13
5219,2,8
5220,13,44
5221,0,1
5222,18,59
5223,19,61
5224,2,55
5225,13,42
5226,8,24
5227,10,28
5228,15,46
5229,9,25
5230,5,16
5231,10,28
5232,10,27
5233,16,47
5234,2,8
5235,9,25
5236,2,8
5237,10,27
5238,2,8
5239,12,32
5240,10,0
5241,14,0
5242,9,25
5243,3,11
5244,11,35
5245,12,37
5246,8,24
5247,0,1
5248,10,28
5249,17,52
5250,9,25
5251,13,0
5252,12,39
5253,6,48
5254,15,46
5255,2,8
5256,7,19
5257,0,3
5258,19,61
5259,1,0
5260,12,40
5261,14,35
5262,0,3
5263,16,47
5264,12,39
5265,11,0
5266,4,0
5267,15,0
5268,3,11
5269,13,43
5270,0,3
5271,13,44
5272,19,61
5273,2,0
5274,2,8
5275,8,23
5276,18,59
5277,11,51
5278,2,8
5279,5,15
5280,3,11
5281,17,53
5282,5,0
5283,1,7
5284,2,55
5285,12,39
5286,5,15
5287,5,15
5288,0,1
5289,5,15
5290,7,0
5291,15,46
5292,8,24
5293,3,11
5294,10,0
5295,14,0
5296,11,54
5297,9,25
5298,14,41
5299,7,22
5300,3,11
5301,6,6
5302,1,14
5303,1,30
5304,12,39
5305,4,13
5306,4,29
5307,18,58
5308,18,57
5309,10,0
5310,16,47
5311,4,13
5312,16,61
5313,8,0
5314,0,3
5315,6,10
5316,7,26
5317,10,27
5318,7,21
5319,16,47
5320,13,0
5321,17,53
5322,5,31
5323,1,49
5324,5,17
5325,19,61
5326,5,16
5327,2,47
5328,1,30
5329,1,14
5330,18,60
5331,4,13
5332,19,61
5333,17,53
5334,17,52
5335,9,25
5336,15,46
5337,9,13
5338,1,49
5339,13,43
5340,11,35
5341,18,56
5342,17,53
5343,2,55
5344,17,52
5345,17,52
5346,16,0
5347,14,41
5348,16,47
5349,4,13
5350,0,2
5351,2,0
5352,2,8
5353,15,0
5354,7,22
5355,13,44
5356,17,53
5357,17,52
5358,13,43
5359,17,53
5360,14,0
5361,2,55
5362,14,45
5363,17,52
5364,11,0
5365,0,3
5366,16,0
5367,1,14
5368,2,8
5369,5,16
5370,2,8
5371,10,0
5372,8,23
5373,5,16
5374,18,60
5375,3,50
5376,0,3
5377,7,19
5378,16,47
5379,15,0
5380,4,0
5381,7,21
5382,6,6
5383,12,37
5384,19,61
5385,9,18
5386,6,6
5387,10,27
5388,4,29
5389,11,54
5390,0,0
5391,4,29
5392,10,27
5393,6,48
5394,18,56
5395,10,0
5396,5,0
5397,12,40
5398,12,40
5399,11,0
5400,11,54
5401,2,0
5402,10,27
5403,15,46
5404,10,27
5405,7,0
5406,14,0
5407,12,40
5408,4,12
5409,14,45
5410,19,61
5411,10,27
5412,2,8
5413,17,53
5414,10,0
5415,18,56
5416,5,15
5417,8,0
5418,17,52
5419,13,0
5420,0,1
5421,15,0
5422,3,11
5423,6,10
5424,3,11
5425,19,61
5426,6,6
5427,13,43
5428,18,58
5429,5,31
5430,8,24
5431,3,0
5432,0,3
5433,18,57
5434,0,2
5435,13,44
5436,19,61
5437,6,10
5438,19,61
5439,4,13
5440,3,50
5441,1,0
5442,11,0
5443,2,0
5444,8,23
5445,7,22
5446,10,0
5447,1,30
5448,5,55
5449,17,52
5450,12,37
5451,4,29
5452,12,39
5453,7,18
5454,2,8
5455,18,57
5456,7,21
5457,19,61
5458,6,48
5459,10,0
5460,8,23
5461,18,59
5462,12,37
5463,10,0
5464,13,43
5465,11,54
5466,19,61
5467,14,0
5468,1,0
5469,9,0
5470,15,46
5471,3,11
5472,12,32
5473,16,47
5474,18,56
5475,12,39
5476,4,0
5477,4,12
5478,3,50
5479,10,0
5480,9,0
5481,12,38
5482,14,45
5483,12,36
5484,17,53
5485,10,0
5486,7,0
5487,8,0
5488,6,10
5489,0,4
5490,4,12
5491,7,20
5492,15,0
5493,18,60
5494,0,0
5495,0,2
5496,2,55
5497,14,0
5498,18,57
5499,17,52
5500,14,45
5501,7,19
5502,0,3
5503,18,59
5504,6,48
5505,5,16
5506,0,3
5507,1,49
5508,14,45
5509,2,8
5510,3,50
5511,1,31
5512,5,16
5513,3,50
5514,0,3
5515,5,15
5516,3,0
5517,0,3
5518,4,0
5519,2,55
5520,5,0
5521,5,17
5522,8,24
5523,18,56
5524,11,0
5525,3,27
5526,10,0
5527,3,11
5528,10,27
5529,1,7
5530,13,43
5531,4,29
5532,6,0
5533,16,47
5534,17,0
5535,16,0
5536,17,0
5537,1,30
5538,7,19
5539,7,21
5540,1,5
5541,8,24
5542,5,15
5543,1,7
5544,3,0
5545,14,45
5546,2,8
5547,5,0
5548,4,12
5549,8,0
5550,3,0
5551,2,8
5552,5,0
5553,2,11
5554,6,48
5555,10,28
5556,14,41
5557,18,56
5558,18,57
5559,7,21
5560,2,0
5561,18,59
5562,0,1
5563,8,24
5564,11,33
5565,0,4
5566,0,3
5567,17,52
5568,1,49
5569,17,52
5570,15,0
5571,0,4
5572,11,33
5573,17,52
5574,2,0
5575,13,44
5576,10,0
5577,0,2
5578,10,28
5579,13,43
5580,6,6
5581,6,6
5582,10,28
5583,1,49
5584,17,0
5585,8,23
5586,18,57
5587,7,20
5588,17,52
5589,14,45
5590,12,37
5591,16,0
5592,5,55
5593,11,54
5594,17,53
5595,17,53
5596,3,0
5597,5,16
5598,16,47
5599,1,5
5600,2,0
5601,5,0
5602,3,11
5603,18,0
5604,14,0
5605,1,30
5606,11,33
5607,11,35
5608,13,43
5609,8,24
5610,4,29
5611,14,0
5612,13,43
5613,16,0
5614,13,43
5615,13,43
5616,10,0
5617,8,23
5618,3,50
5619,17,53
5620,3,0
5621,1,14
5622,9,0
5623,17,0
5624,7,25
5625,7,29
5626,4,12
5627,2,8
5628,7,20
5629,11,54
5630,12,39
5631,5,31
5632,4,0
5633,16,0
5634,12,39
5635,14,45
5636,13,43
5637,0,4
5638,6,10
5639,8,24
5640,2,8
5641,2,61
5642,1,5
5643,11,0
5644,4,0
5645,18,0
5646,9,25
5647,0,2
5648,16,47
5649,17,52
5650,15,46
5651,1,5
5652,14,0
5653,11,0
5654,17,0
5655,13,42
5656,4,29
5657,12,39
5658,3,11
5659,17,52
5660,15,0
5661,12,40
5662,11,51
5663,16,47
5664,5,16
5665,3,11
5666,1,0
5667,18,0
5668,5,31
5669,6,48
5670,6,10
5671,1,9
5672,10,28
5673,5,0
5674,12,32
5675,4,29
5676,13,0
5677,6,0
5678,18,56
5679,7,0
5680,4,0
5681,2,0
5682,16,0
5683,15,0
5684,0,4
5685,4,12
5686,10,27
5687,5,16
5688,2,8
5689,12,39
5690,3,12
5691,5,31
5692,9,25
5693,14,45
5694,18,0
5695,11,51
5696,6,6
5697,11,54
5698,16,47
5699,3,0
5700,10,0
5701,5,31
5702,5,31
5703,17,52
5704,5,31
5705,11,51
5706,10,28
5707,18,56
5708,3,11
5709,18,60
5710,15,46
5711,1,49
5712,0,3
5713,11,33
5714,10,28
5715,8,0
5716,12,38
5717,19,61
5718,4,29
5719,4,12
5720,6,48
5721,5,15
5722,4,0
5723,4,29
5724,7,20
5725,6,0
5726,13,43
5727,10,27
5728,0,4
5729,11,33
5730,7,19
5731,8,23
5732,1,0
5733,11,54
5734,4,12
5735,7,20
5736,2,0
5737,15,0
5738,13,43
5739,3,50
5740,7,20
5741,17,52
5742,19,61
5743,8,23
5744,3,11
5745,0,3
5746,19,61
5747,6,48
5748,17,52
5749,10,0
5750,6,6
5751,11,35
5752,11,0
5753,14,0
5754,12,39
5755,5,0
5756,8,23
5757,11,0
5758,4,0
5759,1,30
5760,6,48
5761,19,61
5762,18,58
5763,17,53
5764,17,0
5765,1,49
5766,12,39
5767,1,0
5768,3,11
5769,18,58
5770,15,46
5771,6,6
5772,3,50
5773,16,47
5774,0,0
5775,4,0
5776,14,61
5777,7,26
5778,2,55
5779,5,55
5780,11,51
5781,7,22
5782,11,0
5783,8,0
5784,0,3
5785,7,22
5786,2,8
5787,6,0
5788,0,2
5789,10,28
5790,8,23
5791,10,27
5792,18,57
5793,12,38
5794,7,19
5795,16,0
5796,4,12
5797,4,13
5798,19,61
5799,3,11
5800,12,40
5801,4,0
5802,0,3
5803,15,46
5804,6,6
5805,5,0
5806,0,3
5807,13,0
5808,6,48
5809,3,11
5810,11,0
5811,4,13
5812,0,2
5813,18,0
5814,7,26
5815,1,49
5816,6,0
5817,0,3
5818,17,52
5819,15,0
5820,14,0
5821,15,0
5822,2,0
5823,5,15
5824,5,55
5825,18,0
5826,0,4
5827,9,25
5828,1,0
5829,6,48
5830,2,8
5831,10,27
5832,7,20
5833,16,47
5834,12,32
5835,10,28
5836,16,47
5837,12,38
5838,13,0
5839,15,0
5840,1,14
5841,11,54
5842,11,0
5843,13,43
5844,2,0
5845,4,12
5846,4,0
5847,3,50
5848,13,44
5849,11,0
5850,6,6
5851,8,24
5852,13,0
5853,0,1
5854,1,5
5855,4,13
5856,3,11
5857,9,25
5858,4,13
5859,4,12
5860,17,52
5861,13,42
5862,7,19
5863,0,4
5864,17,0
5865,18,0
5866,5,16
5867,13,42
5868,6,10
5869,12,38
5870,16,0
5871,11,0
5872,8,24
5873,4,13
5874,13,43
5875,0,2
5876,10,0
5877,10,28
5878,7,19
5879,1,30
5880,11,54
5881,11,0
5882,11,54
5883,16,47
5884,4,13
5885,3,50
5886,19,61
5887,4,0
5888,5,15
5889,18,57
5890,15,46
5891,2,55
5892,2,8
5893,6,48
5894,4,0
5895,7,21
5896,5,31
5897,13,43
5898,2,8
5899,6,61
5900,0,3
5901,15,0
5902,12,39
5903,8,23
5904,18,58
5905,18,58
5906,0,0
5907,7,20
5908,3,50
5909,14,41
5910,2,8
5911,5,31
5912,8,23
5913,12,32
5914,4,29
5915,18,57
5916,6,10
5917,4,13
5918,11,51
5919,4,13
5920,7,20
5921,10,28
5922,8,0
5923,19,61
5924,16,47
5925,13,44
5926,4,0
5927,17,53
5928,2,55
5929,0,3
5930,2,8
5931,6,10
5932,10,0
5933,1,30
5934,4,0
5935,18,27
5936,18,58
5937,4,29
5938,7,21
5939,3,50
5940,1,5
5941,11,55
5942,7,21
5943,14,45
5944,18,57
5945,8,0
5946,1,0
5947,11,0
5948,6,10
5949,11,0
5950,12,39
5951,10,28
5952,14,45
5953,17,52
5954,17,53
5955,6,48
5956,4,13
5957,13,43
5958,8,23
5959,15,46
5960,15,46
5961,4,13
5962,7,19
5963,17,53
5964,15,0
5965,1,0
5966,10,28
5967,0,3
5968,6,48
5969,13,43
5970,11,54
5971,9,0
5972,1,7
5973,8,24
5974,8,0
5975,16,8
5976,4,13
5977,1,49
5978,17,53
5979,0,0
5980,8,24
5981,8,23
5982,3,11
5983,9,25
5984,7,20
5985,15,46
5986,9,0
5987,19,59
5988,3,11
5989,2,55
5990,0,3
5991,14,45
5992,4,29
5993,7,21
5994,12,38
5995,2,0
5996,14,45
5997,2,8
5998,4,0
5999,0,3
6000,9,25
6001,15,46
6002,10,28
6003,0,2
6004,2,8
6005,2,8
6006,5,31
6007,19,61
6008,15,46
6009,0,1
6010,12,32
6011,10,0
6012,1,49
6013,16,47
6014,1,7
6015,14,45
6016,14,0
6017,0,2
6018,3,11
6019,16,47
6020,5,0
6021,6,48
6022,11,35
6023,4,12
6024,6,10
6025,16,47
6026,3,11
6027,6,6
6028,1,5
6029,3,11
6030,14,45
6031,6,10
6032,12,37
6033,11,54
6034,7,21
6035,10,27
6036,14,45
6037,15,46
6038,9,25
6039,11,0
6040,11,0
6041,14,45
6042,2,55
6043,4,0
6044,8,24
6045,4,12
6046,0,4
6047,18,57
6048,17,53
6049,2,0
6050,2,8
6051,18,57
6052,6,10
6053,7,19
6054,19,61
6055,6,48
6056,8,0
6057,1,30
6058,12,0
6059,5,15
6060,16,47
6061,5,0
6062,19,61
6063,7,19
6064,13,43
6065,18,57
6066,5,9
6067,1,0
6068,12,32
6069,17,52
6070,6,10
6071,15,46
6072,12,37
6073,2,0
6074,14,45
6075,18,56
6076,4,0
6077,5,0
6078,17,52
6079,9,0
6080,17,0
6081,1,14
6082,19,0
6083,9,0
6084,11,33
6085,1,14
6086,6,0
6087,17,52
6088,8,23
6089,4,29
6090,7,21
6091,4,13
6092,19,61
6093,17,0
6094,6,48
6095,12,32
6096,10,0
6097,0,1
6098,3,50
6099,2,55
6100,14,45
6101,18,0
6102,4,13
6103,7,21
6104,18,58
6105,1,9
6106,12,40
6107,3,11
6108,7,26
6109,11,54
6110,18,56
6111,13,44
6112,11,54
6113,8,24
6114,12,37
6115,1,14
6116,14,0
6117,15,0
6118,12,39
6119,18,59
6120,19,61
6121,3,50
6122,13,0
6123,13,8
6124,9,25
6125,0,4
6126,9,25
6127,10,28
6128,17,52
6129,9,0
6130,11,0
6131,13,43
6132,5,15
6133,8,0
6134,12,40
6135,1,7
6136,1,49
6137,7,18
6138,8,23
6139,13,43
6140,17,52
6141,7,0
6142,12,40
6143,1,49
6144,1,9
6145,19,61
6146,13,43
6147,10,0
6148,4,29
6149,13,42
6150,18,56
6151,17,53
6152,3,11
6153,17,53
6154,0,2
6155,13,0
6156,11,51
6157,13,43
6158,2,8
6159,18,61
6160,16,47
6161,2,0
6162,1,0
6163,17,53
6164,7,21
6165,11,54
6166,14,0
6167,18,58
6168,17,53
6169,11,0
6170,18,56
6171,11,0
6172,0,3
6173,7,0
6174,1,7
6175,18,58
6176,8,0
6177,18,0
6178,9,25
6179,19,61
6180,19,61
6181,1,49
6182,18,59
6183,12,38
6184,17,0
6185,3,50
6186,7,22
6187,10,28
6188,7,20
6189,17,52
6190,10,0
6191,11,35
6192,16,47
6193,12,38
6194,7,22
6195,10,28
6196,1,49
6197,8,0
6198,4,12
6199,9,0
6200,17,52
6201,7,20
6202,12,36
6203,17,53
6204,4,0
6205,14,45
6206,14,0
6207,12,37
6208,0,3
6209,3,50
6210,7,26
6211,6,0
6212,18,58
6213,14,45
6214,0,3
6215,5,31
6216,11,23
6217,1,49
6218,15,46
6219,4,12
6220,8,24
6221,4,13
6222,10,0
6223,17,53
6224,3,18
6225,11,0
6226,6,0
6227,6,6
6228,3,0
6229,8,23
6230,4,29
6231,3,50
6232,7,26
6233,0,3
6234,2,8
6235,11,34
6236,10,0
6237,1,14
6238,10,27
6239,3,8
6240,3,11
6241,6,10
6242,13,42
6243,4,13
6244,19,61
6245,14,45
6246,11,0
6247,11,51
6248,13,43
6249,0,3
6250,12,39
6251,15,0
6252,8,23
6253,18,60
6254,16,47
6255,12,32
6256,3,11
6257,4,29
6258,8,23
6259,17,53
6260,19,61
6261,7,0
6262,15,46
6263,14,45
6264,6,10
6265,0,0
6266,14,0
6267,1,14
6268,0,0
6269,12,40
6270,2,0
6271,7,19
6272,7,20
6273,7,0
6274,17,53
6275,11,0
6276,8,23
6277,8,24
6278,10,0
6279,11,54
6280,5,17
6281,3,50
6282,19,52
6283,11,33
6284,17,53
6285,19,61
6286,10,27
6287,3,0
6288,16,47
6289,8,24
6290,4,0
6291,12,36
6292,11,35
6293,14,45
6294,15,46
6295,1,30
6296,15,46
6297,0,3
6298,4,29
6299,18,57
6300,10,28
6301,6,10
6302,2,8
6303,14,45
6304,6,48
6305,11,54
6306,3,50
6307,4,13
6308,5,16
6309,13,43
6310,14,0
6311,16,47
6312,12,46
6313,4,29
6314,16,0
6315,10,27
6316,16,47
6317,9,25
6318,0,1
6319,12,37
6320,11,54
6321,10,27
6322,1,0
6323,4,29
6324,7,19
6325,11,35
6326,10,27
6327,7,22
6328,5,31
6329,12,38
6330,13,43
6331,10,0
6332,3,11
6333,7,0
6334,19,61
6335,14,0
6336,10,27
6337,19,61
6338,13,43
6339,15,46
6340,6,6
6341,7,0
6342,11,34
6343,7,26
6344,0,3
6345,10,28
6346,2,55
6347,13,44
6348,11,0
6349,12,36
6350,15,46
6351,2,11
6352,3,11
6353,17,0
6354,6,48
6355,2,27
6356,4,29
6357,7,21
6358,13,43
6359,12,32
6360,13,43
6361,10,28
6362,13,43
6363,10,27
6364,6,48
6365,14,45
6366,11,54
6367,1,30
6368,18,59
6369,5,15
6370,4,0
6371,9,0
6372,1,7
6373,14,45
6374,17,52
6375,6,0
6376,18,57
6377,5,31
6378,12,37
6379,13,43
6380,14,41
6381,6,6
6382,5,0
6383,0,3
6384,9,25
6385,18,57
6386,6,6
6387,10,27
6388,10,0
6389,17,53
6390,8,0
6391,3,50
6392,1,0
6393,7,21
6394,10,28
6395,5,15
6396,3,11
6397,12,37
6398,13,0
6399,7,0
6400,4,0
6401,6,48
6402,13,42
6403,7,0
6404,9,25
6405,12,40
6406,11,35
6407,9,25
6408,6,6
6409,11,35
6410,4,0
6411,2,8
6412,18,57
6413,16,0
6414,1,49
6415,8,23
6416,18,58
6417,11,0
6418,8,0
6419,5,55
6420,9,25
6421,4,12
6422,0,1
6423,13,43
6424,14,45
6425,7,22
6426,13,42
6427,17,0
6428,1,49
6429,0,4
6430,9,25
6431,19,61
6432,14,45
6433,8,24
6434,17,53
6435,0,3
6436,14,45
6437,3,50
6438,17,0
6439,8,24
6440,4,0
6441,9,25
6442,3,11
6443,9,0
6444,6,48
6445,4,0
6446,3,50
6447,1,30
6448,14,45
6449,17,52
6450,2,8
6451,14,45
6452,7,21
6453,6,48
6454,15,46
6455,8,0
6456,13,0
6457,6,6
6458,13,44
6459,5,0
6460,3,50
6461,9,0
6462,11,51
6463,0,3
6464,18,59
6465,4,29
6466,5,31
6467,2,8
6468,16,47
6469,17,52
6470,8,24
6471,0,0
6472,13,43
6473,13,43
6474,1,5
6475,0,3
6476,1,49
6477,14,45
6478,12,39
6479,12,32
6480,16,47
6481,5,0
6482,11,35
6483,8,24
6484,19,61
6485,4,0
6486,10,0
6487,1,49
6488,7,19
6489,0,2
6490,10,28
6491,3,11
6492,19,61
6493,6,6
6494,18,0
6495,17,53
6496,2,8
6497,1,9
6498,7,26
6499,5,15
6500,2,8
6501,7,0
6502,16,47
6503,8,24
6504,0,3
6505,8,0
6506,14,45
6507,11,0
6508,6,10
6509,5,0
6510,14,45
6511,4,0
6512,3,11
6513,6,48
6514,2,8
6515,4,0
6516,14,41
6517,11,51
6518,0,3
6519,9,0
6520,13,43
6521,15,46
6522,7,22
6523,17,0
6524,6,10
6525,1,49
6526,11,51
6527,15,46
6528,0,3
6529,13,43
6530,7,20
6531,7,19
6532,16,0
6533,1,9
6534,14,45
6535,14,41
6536,12,32
6537,14,41
6538,14,41
6539,15,46
6540,18,56
6541,18,58
6542,16,47
6543,12,39
6544,12,38
6545,5,15
6546,17,53
6547,7,19
6548,6,10
6549,7,21
6550,16,0
6551,14,45
6552,13,43
6553,18,58
6554,8,23
6555,7,0
6556,18,56
6557,6,10
6558,0,3
6559,7,18
6560,7,20
6561,16,0
6562,3,50
6563,3,50
6564,15,0
6565,4,13
6566,10,28
6567,5,15
6568,13,0
6569,17,53
6570,18,59
6571,16,47
6572,6,6
6573,2,0
6574,14,0
6575,15,46
6576,1,0
6577,16,0
6578,1,5
6579,11,54
6580,4,12
6581,5,16
6582,8,24
6583,7,22
6584,12,44
6585,14,45
6586,7,21
6587,6,48
6588,14,45
6589,8,0
6590,14,41
6591,1,30
6592,6,48
6593,13,43
6594,4,13
6595,15,46
6596,8,24
6597,9,25
6598,4,29
6599,13,0
6600,2,8
6601,0,3
6602,17,0
6603,11,54
6604,7,21
6605,15,0
6606,5,17
6607,3,11
6608,12,40
6609,3,50
6610,3,0
6611,16,47
6612,11,35
6613,14,45
6614,19,61
6615,7,19
6616,6,10
6617,0,3
6618,10,28
6619,8,23
6620,8,23
6621,6,10
6622,12,39
6623,1,14
6624,14,42
6625,0,2
6626,0,3
6627,13,44
6628,17,0
6629,11,0
6630,5,15
6631,8,24
6632,1,5
6633,5,55
6634,8,24
6635,0,3
6636,14,45
6637,2,0
6638,10,27
6639,5,0
6640,13,43
6641,8,23
6642,14,0
6643,8,23
6644,13,44
6645,18,0
6646,8,24
6647,14,45
6648,12,37
6649,14,45
6650,4,13
6651,10,28
6652,2,8
6653,10,28
6654,15,46
6655,14,0
6656,7,18
6657,15,0
6658,14,45
6659,3,11
6660,19,0
6661,18,56
6662,15,46
6663,1,14
6664,6,48
6665,18,58
6666,8,23
6667,4,12
6668,16,47
6669,11,0
6670,4,29
6671,12,37
6672,11,51
6673,5,16
6674,4,29
6675,2,55
6676,2,0
6677,5,0
6678,13,43
6679,0,1
6680,2,0
6681,12,39
6682,6,6
6683,18,0
6684,14,45
6685,9,0
6686,18,59
6687,0,0
6688,8,0
6689,16,8
6690,19,61
6691,3,11
6692,14,41
6693,19,61
6694,0,2
6695,2,55
6696,2,0
6697,3,11
6698,8,0
6699,16,47
6700,17,53
6701,2,0
6702,12,38
6703,4,29
6704,4,39
6705,14,45
6706,4,13
6707,15,46
6708,3,11
6709,4,13
6710,0,3
6711,9,25
6712,13,44
6713,9,0
6714,1,0
6715,14,45
6716,13,43
6717,8,0
6718,14,45
6719,5,31
6720,4,13
6721,4,11
6722,5,55
6723,11,0
6724,17,53
6725,9,0
6726,6,6
6727,14,34
6728,11,33
6729,9,0
6730,14,45
6731,10,0
6732,12,32
6733,13,43
6734,19,61
6735,19,61
6736,6,48
6737,5,31
6738,0,3
6739,13,43
6740,1,7
6741,17,52
6742,18,59
6743,10,27
6744,11,34
6745,12,39
6746,11,51
6747,18,56
6748,6,48
6749,3,11
6750,0,3
6751,6,48
6752,8,24
6753,9,0
6754,6,48
6755,7,0
6756,3,50
6757,7,20
6758,15,46
6759,9,25
6760,1,30
6761,4,0
6762,10,28
6763,11,0
6764,2,8
6765,11,54
6766,17,52
6767,8,0
6768,14,0
6769,5,16
6770,12,39
6771,6,10
6772,4,0
6773,4,0
6774,0,3
6775,6,0
6776,0,3
6777,0,3
6778,4,13
6779,14,45
6780,14,45
6781,13,0
6782,12,40
6783,0,1
6784,12,39
6785,1,7
6786,3,11
6787,7,26
6788,17,52
6789,14,45
6790,18,60
6791,6,48
6792,11,51
6793,10,0
6794,10,0
6795,15,46
6796,17,0
6797,4,0
6798,1,5
6799,7,20
6800,16,61
6801,9,0
6802,2,8
6803,15,0
6804,7,19
6805,10,28
6806,11,0
6807,5,16
6808,15,0
6809,13,0
6810,9,0
6811,8,24
6812,3,50
6813,11,0
6814,18,57
6815,4,0
6816,3,0
6817,11,54
6818,17,61
6819,16,47
6820,18,58
6821,15,46
6822,9,25
6823,0,2
6824,11,35
6825,1,30
6826,10,0
6827,2,0
6828,6,10
6829,16,47
6830,4,13
6831,11,33
6832,6,6
6833,1,49
6834,19,61
6835,19,61
6836,12,38
6837,4,29
6838,18,60
6839,19,61
6840,10,0
6841,0,2
6842,10,0
6843,11,54
6844,12,38
6845,12,37
6846,2,8
6847,18,56
6848,4,0
6849,13,0
6850,2,47
6851,1,49
6852,2,8
6853,14,45
6854,8,23
6855,8,24
6856,18,58
6857,9,0
6858,15,46
6859,3,11
6860,0,3
6861,6,10
6862,2,8
6863,11,33
6864,6,48
6865,0,2
6866,6,10
6867,6,48
6868,1,30
6869,17,53
6870,4,0
6871,12,38
6872,17,52
6873,3,50
6874,18,56
6875,13,0
6876,4,29
6877,17,53
6878,2,8
6879,13,0
6880,6,0
6881,5,15
6882,0,3
6883,6,10
6884,8,0
6885,16,47
6886,14,41
6887,0,3
6888,11,35
6889,7,19
6890,6,0
6891,10,28
6892,18,58
6893,17,0
6894,12,37
6895,10,8
6896,15,0
6897,2,55
6898,10,27
6899,5,0
6900,7,18
6901,1,14
6902,4,13
6903,8,23
6904,9,25
6905,7,19
6906,18,56
6907,2,0
6908,10,28
6909,18,57
6910,0,2
6911,13,44
6912,18,56
6913,7,20
6914,10,27
6915,11,35
6916,16,47
6917,10,0
6918,11,35
6919,6,10
6920,9,0
6921,15,46
6922,3,0
6923,8,0
6924,18,0
6925,15,0
6926,11,54
6927,16,0
6928,10,27
6929,1,49
6930,13,0
6931,3,11
6932,4,12
6933,13,44
6934,8,24
6935,7,0
6936,12,36
6937,2,55
6938,2,0
6939,16,0
6940,11,54
6941,14,45
6942,14,45
6943,1,7
6944,14,41
6945,7,21
6946,6,48
6947,4,29
6948,1,14
6949,10,0
6950,9,25
6951,12,39
6952,18,59
6953,13,44
6954,17,0
6955,12,32
6956,12,40
6957,7,0
6958,2,0
6959,2,0
6960,14,41
6961,15,46
6962,1,9
6963,14,45
6964,0,4
6965,8,24
6966,0,3
6967,10,27
6968,12,40
6969,1,49
6970,0,3
6971,13,44
6972,3,11
6973,13,43
6974,3,11
6975,1,49
6976,14,45
6977,4,29
6978,1,0
6979,3,11
6980,10,28
6981,13,43
6982,0,3
6983,18,56
6984,5,0
6985,4,0
6986,7,21
6987,1,30
6988,17,52
6989,3,0
6990,3,11
6991,12,36
6992,17,53
6993,1,7
6994,8,23
6995,2,55
6996,17,53
6997,4,12
6998,10,0
6999,17,52
7000,8,0
7001,12,39
7002,1,49
7003,8,23
7004,7,0
7005,15,0
7006,10,0
7007,16,47
7008,9,25
7009,15,46
7010,16,47
7011,11,0
7012,7,0
7013,13,0
7014,10,27
7015,8,0
7016,9,25
7017,16,0
7018,4,8
7019,4,13
7020,8,23
7021,13,42
7022,3,11
7023,19,61
7024,11,34
7025,4,0
7026,18,0
7027,4,29
7028,1,7
7029,17,53
7030,11,54
7031,11,0
7032,6,48
7033,6,10
7034,11,33
7035,11,35
7036,16,47
7037,7,21
7038,11,35
7039,19,61
7040,14,45
7041,13,44
7042,17,0
7043,14,41
7044,4,29
7045,13,43
7046,17,53
7047,15,46
7048,2,47
7049,6,10
7050,10,28
7051,7,20
7052,18,56
7053,2,0
7054,16,47
7055,10,27
7056,0,1
7057,8,23
7058,10,27
7059,14,45
7060,8,24
7061,13,0
7062,18,60
7063,17,52
7064,14,0
7065,11,35
7066,13,0
7067,10,0
7068,2,0
7069,10,28
7070,15,0
7071,17,0
7072,14,45
7073,1,0
7074,7,0
7075,18,60
7076,2,8
7077,4,13
7078,4,12
7079,13,43
7080,10,28
7081,15,46
7082,3,50
7083,10,28
7084,2,55
7085,16,47
7086,1,49
7087,11,54
7088,5,31
7089,8,24
7090,3,11
7091,0,40
7092,5,15
7093,13,43
7094,7,26
7095,3,50
7096,12,40
7097,10,28
7098,8,0
7099,7,19
7100,2,8
7101,10,0
7102,7,0
7103,17,0
7104,18,60
7105,0,2
7106,10,0
7107,1,5
7108,4,29
7109,12,25
7110,2,55
7111,6,6
7112,18,58
7113,14,45
7114,2,8
7115,13,43
7116,5,31
7117,7,0
7118,7,20
7119,18,57
7120,16,0
7121,13,44
7122,12,36
7123,15,46
7124,16,0
7125,4,29
7126,3,11
7127,5,31
7128,5,0
7129,19,61
7130,13,0
7131,19,61
7132,3,11
7133,1,14
7134,7,20
7135,16,47
7136,18,56
7137,8,24
7138,6,48
7139,18,60
7140,0,3
7141,8,24
7142,14,0
7143,7,26
7144,3,11
7145,5,31
7146,13,43
7147,2,0
7148,15,46
7149,6,10
7150,9,25
7151,4,0
7152,7,20
7153,7,19
7154,14,45
7155,5,0
7156,16,47
7157,6,10
7158,16,0
7159,10,0
7160,2,55
7161,13,42
7162,8,24
7163,3,11
7164,1,30
7165,1,10
7166,5,55
7167,15,0
7168,5,0
7169,0,3
7170,1,49
7171,3,11
7172,1,14
7173,8,24
7174,8,24
7175,8,23
7176,0,2
7177,6,6
7178,12,39
7179,10,27
7180,5,0
7181,15,46
7182,4,29
7183,9,25
7184,2,8
7185,2,0
7186,4,29
7187,4,29
7188,11,51
7189,8,23
7190,1,30
7191,15,46
7192,7,19
7193,2,8
7194,19,61
7195,11,33
7196,0,0
7197,2,8
7198,14,0
7199,9,25
7200,2,8
7201,15,0
7202,14,35
7203,8,0
7204,0,3
7205,18,56
7206,14,45
7207,7,20
7208,1,49
7209,4,0
7210,14,0
7211,18,56
7212,14,0
7213,4,8
7214,15,0
7215,5,16
7216,10,28
7217,7,20
7218,5,55
7219,8,23
7220,15,0
7221,0,4
7222,10,28
7223,10,0
7224,2,55
7225,7,26
7226,2,8
7227,3,11
7228,14,35
7229,3,11
7230,6,10
7231,7,26
7232,15,46
7233,2,8
7234,0,2
7235,8,23
7236,18,58
7237,4,0
7238,15,0
7239,19,61
7240,10,28
7241,1,14
7242,19,61
7243,11,54
7244,10,27
7245,7,0
7246,16,0
7247,19,61
7248,8,23
7249,0,2
7250,6,10
7251,8,24
7252,16,47
7253,2,11
7254,17,53
7255,12,39
7256,12,39
7257,16,0
7258,3,50
7259,16,47
7260,18,59
7261,18,60
7262,10,27
7263,7,19
7264,0,2
7265,19,61
7266,13,0
7267,8,24
7268,11,33
7269,18,56
7270,11,54
7271,7,0
7272,1,49
7273,15,0
7274,10,27
7275,2,55
7276,4,25
7277,15,0
7278,12,36
7279,15,46
7280,6,0
7281,17,0
7282,6,10
7283,18,61
7284,12,37
7285,19,61
7286,12,40
7287,11,51
7288,0,1
7289,1,49
7290,11,0
7291,15,46
7292,19,61
7293,11,54
7294,7,22
7295,10,28
7296,6,48
7297,4,12
7298,1,14
7299,7,0
7300,2,8
7301,4,13
7302,10,50
7303,9,0
7304,17,52
7305,11,54
7306,13,44
7307,8,23
7308,10,28
7309,8,24
7310,17,52
7311,6,48
7312,17,53
7313,5,55
7314,1,7
7315,15,46
7316,8,24
7317,13,43
7318,8,24
7319,0,3
7320,10,0
7321,1,14
7322,4,13
7323,17,52
7324,3,11
7325,7,0
7326,6,6
7327,16,47
7328,15,46
7329,4,11
7330,3,11
7331,10,27
7332,2,8
7333,16,47
7334,3,50
7335,12,36
7336,0,2
7337,5,31
7338,1,0
7339,12,40
7340,0,3
7341,4,0
7342,0,1
7343,2,55
7344,16,47
7345,2,8
7346,13,43
7347,15,46
7348,14,45
7349,5,31
7350,2,8
7351,13,0
7352,5,0
7353,1,30
7354,1,49
7355,6,48
7356,8,24
7357,4,29
7358,14,45
7359,19,61
7360,11,51
7361,4,13
7362,3,0
7363,16,47
7364,5,55
7365,0,3
7366,14,45
7367,12,37
7368,5,15
7369,8,23
7370,17,52
7371,14,45
7372,0,3
7373,2,8
7374,12,39
7375,17,53
7376,16,0
7377,10,27
7378,7,19
7379,9,25
7380,8,23
7381,3,50
7382,19,61
7383,8,0
7384,19,61
7385,10,27
7386,6,10
7387,5,16
7388,17,52
7389,15,0
7390,15,46
7391,2,0
7392,1,7
7393,11,54
7394,3,0
7395,0,3
7396,2,8
7397,17,53
7398,10,27
7399,6,0
7400,1,7
7401,6,48
7402,1,14
7403,5,0
7404,16,47
7405,4,13
7406,5,16
7407,13,0
7408,3,0
7409,14,45
7410,17,0
7411,4,29
7412,14,45
7413,15,46
7414,0,3
7415,3,0
7416,14,45
7417,8,23
7418,18,59
7419,16,47
7420,12,39
7421,1,9
7422,19,61
7423,0,2
7424,5,31
7425,16,47
7426,5,31
7427,19,59
7428,19,8
7429,2,0
7430,11,0
7431,4,13
7432,5,31
7433,6,48
7434,4,13
7435,13,42
7436,3,50
7437,6,0
7438,12,37
7439,6,48
7440,6,10
7441,2,8
7442,11,54
7443,13,0
7444,5,17
7445,2,8
7446,1,14
7447,2,27
7448,2,55
7449,4,0
7450,1,49
7451,9,0
7452,4,13
7453,3,11
7454,10,0
7455,6,10
7456,17,52
7457,1,49
7458,3,50
7459,4,12
7460,2,8
7461,9,0
7462,12,32
7463,14,45
7464,18,56
7465,12,39
7466,17,0
7467,14,45
7468,0,3
7469,3,0
7470,14,45
7471,3,11
7472,2,61
7473,0,3
7474,2,55
7475,4,13
7476,18,57
7477,7,19
7478,6,6
7479,4,13
7480,7,21
7481,15,46
7482,1,5
7483,0,2
7484,19,61
7485,11,34
7486,1,0
7487,4,13
7488,9,0
7489,7,20
7490,1,49
7491,0,3
7492,14,45
7493,4,13
7494,12,40
7495,3,50
7496,6,6
7497,3,11
7498,9,25
7499,14,0
7500,5,0
7501,3,11
7502,0,3
7503,13,43
7504,10,27
7505,14,45
7506,18,59
7507,18,0
7508,19,61
7509,2,8
7510,18,56
7511,12,32
7512,0,3
7513,11,0
7514,1,30
7515,7,20
7516,11,51
7517,11,51
7518,6,0
7519,15,46
7520,10,28
7521,6,10
7522,15,46
7523,7,21
7524,12,39
7525,1,30
7526,0,3
7527,11,0
7528,1,14
7529,16,47
7530,14,45
7531,10,0
7532,5,31
7533,13,43
7534,19,61
7535,14,41
7536,6,0
7537,1,49
7538,6,6
7539,17,52
7540,11,54
7541,3,11
7542,6,10
7543,2,0
7544,4,29
7545,3,50
7546,8,24
7547,19,61
7548,15,46
7549,10,28
7550,13,42
7551,18,59
7552,17,53
7553,12,40
7554,4,13
7555,18,59
7556,1,49
7557,2,8
7558,6,6
7559,12,39
7560,6,6
7561,6,48
7562,0,3
7563,12,32
7564,11,0
7565,17,0
7566,9,0
7567,13,43
7568,5,16
7569,3,0
7570,0,0
7571,12,40
7572,17,53
7573,7,19
7574,16,47
7575,12,37
7576,1,7
7577,10,28
7578,5,16
7579,3,11
7580,1,49
7581,9,0
7582,4,29
7583,6,48
7584,8,24
7585,17,53
7586,12,37
7587,11,35
7588,11,0
7589,4,29
7590,1,5
7591,12,39
7592,16,47
7593,12,39
7594,15,46
7595,1,48
